"metabolites","totpathways","hmdb","kegg","wiki","reac","Synonym"
"RAMP_C_000012854",577,140,101,7,255,"Ca"
"RAMP_C_000015765",152,11,68,6,58,"3'5'-CyclicAMP"
"RAMP_C_000102518",160,0,68,6,61,"1D-Myo-Inositol1,4,5-trisphosphate"
"RAMP_C_000020707",16456,16425,12,5,14,"1,3-Dihydroxy-2-Propanonemono(dihydrogenphosphate)"
"RAMP_C_000009161",176,0,31,5,135,"Ac-CoA"
"RAMP_C_000039109",1101,0,11,5,872,"Adenosindiphosphorsaeure"
"RAMP_C_000049787",139,0,3,5,114,"(S)-5'-(S)-(3-Amino-3-carboxypropyl)-5'-thioadenosine"
"RAMP_C_000104615",107,50,14,5,38,"2-(3,4-Dihydroxyphenyl)ethylamine"
"RAMP_C_000108137",212,20,5,4,162,"Adenine-nicotinamidedinucleotidephosphate"
"RAMP_C_000031330",19,0,3,4,12,"Cholinephosphate"
"RAMP_C_000076567",19,0,15,4,0,"3-Carboxypropylamine"
"RAMP_C_000004021",64,0,34,4,23,"Nitrogenoxide(nox)"
"RAMP_C_000021590",16,1,4,4,7,"2-Amino-Ethanoldihydrogenphosphate"
"RAMP_C_000036180",5211,5125,3,4,76,"5'-(Tetrahydrogentriphosphate)cytidine"
"RAMP_C_000077111",10,0,6,4,0,"Armcoiron"
"RAMP_C_000035759",49,2,7,4,32,"(2-Hydroxyethyl)trimethylammonium"
"RAMP_C_000079739",91,0,32,4,48,"2-Oxopropanoate"
"RAMP_C_000045908",1293,11,20,4,1021,"5'-(Tetrahydrogentriphosphate)Adenosine"
"RAMP_C_000085071",56,0,10,4,42,"3-(2-Aminoethyl)-1H-indol-5-ol"
"RAMP_C_000105740",18,0,4,4,10,"5-Methyltetrahydrofolate"
"RAMP_C_000050149",126,50,7,4,53,"Cys-Gly"
"RAMP_C_000066794",52,8,40,4,0,"Gastridan"
"RAMP_C_000066500",17,0,5,4,4,"(6R)-5,10-methylenetetrahydrofolate"
"RAMP_C_000022392",29,0,7,4,18,"(6S)-Tetrahydrofolate"
"RAMP_C_000039090",37,0,13,4,15,"MalonylCoA"
"RAMP_C_000063310",43,0,7,4,27,"1,2,3-Trihydroxypropane"
"RAMP_C_000007360",17,0,13,4,0,"Norlaudanosoline"
"RAMP_C_000000192",132,0,63,4,51,"1-Palmitoyl-2-arachidonyl-sn-glycerol"
"RAMP_C_000048149",544,0,5,4,469,"NFBOrthophosphate"
"RAMP_C_000041610",25,0,3,4,18,"(2S)-2-amino-5-(carbamoylamino)pentanoate"
"RAMP_C_000000048",4,0,0,4,0,"1-(11Z,14Z-Eicosadienoyl)-2-hexadecanoyl-sn-glycero-3-phospho-(1'-myo-inositol-3',4'-bisphosphate)"
"RAMP_C_000059401",38,0,9,3,24,"1H-Imidazole-4-ethanamine"
"RAMP_C_000010384",255,2,2,3,215,"Zinc"
"RAMP_C_000108320",13,0,4,3,6,"7,8-Dihydro-L-folicacid"
"RAMP_C_000106298",15,0,3,3,9,"(Des-Gly)-Glutathione"
"RAMP_C_000029850",223,0,4,3,195,"2'-(Dihydrogenphosphate)5'-(trihydrogenpyrophosphate)Adenosine5'-esterwith1,4-dihydro-1-b-D-ribofuranosylnicotinamide"
"RAMP_C_000076743",30,0,7,3,16,"a-D-Glucopyranosylphosphate"
"RAMP_C_000018372",20,0,5,3,12,"(3b,5Z,7E)-9,10-Secocholesta-5,7,10(19)-trienetriol"
"RAMP_C_000001674",14,0,5,3,0,"4-(2-Aminoethyl)phenyl-beta-D-glucopyranosiduronicacid"
"RAMP_C_000045534",151,0,4,3,129,"1,4-Dihydronicotinamideadeninedinucleotide"
"RAMP_C_000057788",100,0,25,3,69,"AdekaSuperEL"
"RAMP_C_000019523",18,0,10,3,5,"(2R)-3-hydroxy-2-(phosphonooxy)propanoate"
"RAMP_C_000055652",10,0,2,3,5,"CDPEthanolamine"
"RAMP_C_000037869",12,0,9,3,0,"(2S)-2-amino-4-(methylsulfanyl)butanoate"
"RAMP_C_000063514",41,14,24,3,0,"RoferoseST"
"RAMP_C_000028080",412,1,23,3,345,"Hydrogencation"
"RAMP_C_000078529",214,0,7,3,185,"AcetoacetylcoenzymeAsodiumsalt"
"RAMP_C_000069540",33,6,5,3,13,"1-(Dihydrogenphosphate)Glycerol"
"RAMP_C_000044920",42,0,6,3,25,"(+)-testosterone"
"RAMP_C_000038316",211,0,59,3,125,"1,2-Diacyl-sn-glycero-3-phospho-(1'-myo-inositol-3',4',5'-bisphosphate)"
"RAMP_C_000067214",23,2,3,3,15,"(Carboxymethyl)trimethylammoniumhydroxideinnersalt"
"RAMP_C_000025687",16,0,10,3,3,"a-D-Glucose6-phosphate"
"RAMP_C_000051942",21,0,5,3,13,"11,21-Dihydroxypregn-4-ene-3,20-dione"
"RAMP_C_000005268",19,0,3,3,13,"2'-Deoxythymidine5'-monophosphate"
"RAMP_C_000079473",21,0,8,3,10,"Alphadrate"
"RAMP_C_000105225",34,0,10,3,21,"17a-Progesterone"
"RAMP_C_000086040",75,3,2,3,61,"5'-CMP"
"RAMP_C_000092119",14,0,3,3,6,"(methylamino)-Acetate"
"RAMP_C_000060392",160,0,16,3,118,"Carbonoxide"
"RAMP_C_000106029",19,0,5,3,11,"10-Formyl-(6RS)-tetrahydrofolicacid"
"RAMP_C_000052899",786,0,12,3,669,"Dihydrogenoxide"
"RAMP_C_000067637",19,0,3,3,13,"6-(Dihydrogenphosphate)-(8CI)-D-Gluconicaciddelta-lactone"
"RAMP_C_000078586",187,2,39,3,132,"Sodium"
"RAMP_C_000035163",22,0,3,3,12,"1-Amino-2-hydroxyethane"
"RAMP_C_000032253",17,0,14,3,0,"(-)-Serine"
"RAMP_C_000030383",93,0,21,3,64,"(all-Z)-5,8,11,14-Eicosatetraenoate"
"RAMP_C_000007957",53,3,13,3,30,"D-Fructose6-phosphate"
"RAMP_C_000021900",22,0,3,3,16,"11-Dehydroxycorticosterone"
"RAMP_C_000003295",27,0,10,3,10,"3-(Dihydrogenphosphate)Glycerate"
"RAMP_C_000045380",8,0,2,3,3,"2'-Deoxyuridine5'-triphosphate"
"RAMP_C_000079280",127,0,39,3,85,"K+"
"RAMP_C_000089311",239,5,8,3,200,"3-Carbamoyl-1-beta-D-ribofuranosylpyridiniumhydroxide5'-esterwithadenosine5'-pyrophosphateinnersalt"
"RAMP_C_000054164",17,0,6,3,8,"(S)-3-hydroxy-3-methylglutaryl-CoA"
"RAMP_C_000065038",20,0,8,3,9,"1-Hydroxy-1,2,3-propanetricarboxylate"
"RAMP_C_000015209",32,0,9,3,16,"(2S,3R,4E)-2-acylamino-1,3-octadec-4-enediol"
"RAMP_C_000107409",28,0,2,3,23,"2'-Deoxycytidine-5'-triphosphate"
"RAMP_C_000020113",11,0,4,3,4,"Glutaryl-CoA"
"RAMP_C_000055738",1915,1871,9,3,32,"HexadecanoylCoA"
"RAMP_C_000044395",23,0,8,3,12,"(-)-3-(3,4-dihydroxyphenyl)-L-alanine"
"RAMP_C_000015923",21,0,18,3,0,"(-)-a-Amino-p-hydroxyhydrocinnamate"
"RAMP_C_000007127",13,0,6,3,4,"Acifolic"
"RAMP_C_000057078",51,0,13,3,34,"Acetylcholineion"
"RAMP_C_000019376",146,0,5,3,121,"ADEMETIONINE"
"RAMP_C_000093463",17,0,4,3,10,"7-(Dihydrogenphosphate)sedoheptulose"
"RAMP_C_000054848",388,0,6,3,330,"5'-GDP"
"RAMP_C_000076880",13,0,3,3,7,"2'-Deoxy-5'-uridylate"
"RAMP_C_000026265",11,0,4,3,4,"2-(N(Omega)-L-arginine)succinate"
"RAMP_C_000043491",15,0,7,3,5,"D-Ribose5-phosphate"
"RAMP_C_000064155",106,0,20,3,78,"2-Ketoglutarate"
"RAMP_C_000036413",18,0,7,3,8,"alpha-D-Ribose5-phosphate"
"RAMP_C_000054263",4,0,1,3,0,"Animalstarch"
"RAMP_C_000067306",28,0,10,3,15,"(+)-3,17b-Estradiol"
"RAMP_C_000001318",9,0,2,3,4,"3-(3-Hydroxyanthraniloyl)-Alanine"
"RAMP_C_000024949",10,0,7,3,0,"3,3',5'-Triiodo-L-thyronine"
"RAMP_C_000021773",25,2,4,3,12,"3-Hydroxy-butanoate"
"RAMP_C_000000163",22,0,7,3,12,"11beta-Hydroxycortisone"
"RAMP_C_000112565",32,0,7,3,22,"Acyl-CoA"
"RAMP_C_000033020",28,1,8,3,16,"(+)-S-Ornithine"
"RAMP_C_000091413",16,0,4,3,9,"b-D-Fructose2,6-bisphosphate"
"RAMP_C_000029458",11,0,0,3,8,"5(6)-EpoxyPGE1"
"RAMP_C_000027643",19,1,2,2,11,"Estrone3-glucuronide"
"RAMP_C_000046579",272,1,2,2,231,"(4-)Diphosphoricacidion"
"RAMP_C_000000225",15,0,2,2,11,"Nitrite"
"RAMP_C_000084507",326,288,4,2,25,"Myristoyl-CoA"
"RAMP_C_000106258",42,0,5,2,33,"Add-F"
"RAMP_C_000076486",9,0,3,2,4,"1H-Purine-2,6-diol"
"RAMP_C_000056206",15,0,7,2,6,"(S)-3-Hydroxybutanoyl-CoA"
"RAMP_C_000047670",53,0,4,2,37,"Copper"
"RAMP_C_000043556",35,7,5,2,21,"3a,7a,12a-Trihydroxy-5b-cholanicacid-24-taurine"
"RAMP_C_000111094",17,0,5,2,10,"1-Acylglycerol"
"RAMP_C_000025245",8,0,2,2,4,"1,2,3,6-Tetrahydro-2,6-dioxo-3-(5-O-phosphono-b-D-ribofuranosyl)-4-Pyrimidinecarboxylate"
"RAMP_C_000101592",9,0,3,2,4,"(carboxymethyl)-Guanidine"
"RAMP_C_000000943",9,0,7,2,0,"(-)-Asparagine"
"RAMP_C_000052323",12,0,2,2,8,"(3beta)-Lanosta-8,24-dien-3-ol"
"RAMP_C_000092030",25,0,2,2,21,"5-(Acetylamino)-3,5-dideoxy-D-glycero-b-D-galacto-2-Nonulopyranosonate"
"RAMP_C_000001767",25,0,8,2,15,"CoAS-(hydrogensuccinate)"
"RAMP_C_000036933",24,0,11,2,11,"2-Hydroxy-Acrylicaciddihydrogenphosphate"
"RAMP_C_000055840",15,0,2,2,11,"CDP"
"RAMP_C_000041031",19,0,3,2,11,"(8Z,11Z,14Z)-Icosatrienoate"
"RAMP_C_000101734",67,0,9,2,55,"(UDP)glucose"
"RAMP_C_000040511",16,0,5,2,9,"1,4-Butanediamine"
"RAMP_C_000014151",8,0,2,2,4,"1,2,3,6-Tetrahydro-2,6-dioxo-4-pyrimidecarboxylicacid"
"RAMP_C_000067479",13,0,2,2,5,"2-Amino-Ethanesulfinate"
"RAMP_C_000092301",4,0,2,2,0,"(Arg8)-Vasopressin"
"RAMP_C_000000304",86,0,3,2,78,"5'-UTP"
"RAMP_C_000105014",12,0,4,2,6,"(S)-3-Hydroxyoctanoyl-CoA"
"RAMP_C_000090292",4,0,2,2,0,"1H-Indol-3-ylacetaldehyde"
"RAMP_C_000085475",39,0,2,2,31,"1,5-Dihydro-FAD"
"RAMP_C_000060505",7,0,2,2,3,"3,8,13,17-Tetramethyl-5,10,15,20,22,24-hexahydroporphyrin-2,7,12,18-tetrapropanoate"
"RAMP_C_000005443",16,0,2,2,12,"2'-Deoxycytidine5'-monophosphate"
"RAMP_C_000033340",4,0,1,2,0,"3-(N-Acetylaminoethyl)-6-hydroxy-5-methoxyindole"
"RAMP_C_000001539",12,0,4,2,6,"(2E)-Dodec-2-enoyl-CoA"
"RAMP_C_000071890",36,23,2,2,6,"(-)-7-dehydrocholesterol"
"RAMP_C_000050768",23,0,8,2,7,"Butanoyl-CoA"
"RAMP_C_000085945",13,0,3,2,4,"(alphaS)-alpha,2-diamino-3-hydroxy-gamma-oxo-Benzenebutanoate"
"RAMP_C_000042402",15,0,13,2,0,"(2S)-2-Aminopropanoate"
"RAMP_C_000071489",10,0,4,2,4,"3-(Carbamoylamino)propanoate"
"RAMP_C_000034330",43,25,7,2,7,"2-Ketobutanoate"
"RAMP_C_000103287",18,0,4,2,12,"5-Methoxy-N-acetyltryptamine"
"RAMP_C_000097365",42,17,2,2,21,"1,6-Dihydro-6-iminopurine"
"RAMP_C_000018521",12,0,2,2,4,"3-(N-Formylanthraniloyl)-Alanine"
"RAMP_C_000044419",12,0,6,2,4,"3-Oxopropanoate"
"RAMP_C_000006186",24,0,4,2,7,"(S)-3-Hydroxyhexanoyl-CoA"
"RAMP_C_000032716",9,0,3,2,4,"(3RS)-Mevalonate"
"RAMP_C_000103589",31,0,11,2,18,"(-)-(S)-Malate"
"RAMP_C_000061410",7,0,2,2,3,"O-Dopaquinone"
"RAMP_C_000085942",3,0,1,2,0,"Bonitrile"
"RAMP_C_000012538",19,0,17,2,0,"Asp"
"RAMP_C_000100033",31,0,3,2,26,"17b-[1-Methyl-3-carboxypropyl]etiocholane-3a,7a,12a-triol"
"RAMP_C_000101903",9,0,7,2,0,"D-Xylulose5-phosphate"
"RAMP_C_000111420",5,0,3,2,0,"Butyryl-[acp]"
"RAMP_C_000037800",47,1,7,2,37,"(-)-(R)-Epinephrine"
"RAMP_C_000091799",10,0,4,2,4,"2-Oxo-3-(phosphonooxy)-Propanoate"
"RAMP_C_000105977",12,0,4,2,6,"3-KetohexanoylCoA."
"RAMP_C_000061847",30,0,2,2,26,"2'-Deoxy-5'-ATP"
"RAMP_C_000063400",13,0,10,2,0,"Acetyl-L-phenylalanine"
"RAMP_C_000097349",9,0,3,2,4,"(2,5-dihydroxyphenyl)-Acetate"
"RAMP_C_000099174",26,1,6,2,17,"1-Aminoethane-2-sulfonate"
"RAMP_C_000052467",14,0,4,2,8,"(E)-S-2-octenoate"
"RAMP_C_000105699",24,0,4,2,18,"(3b)-3-hydroxy-Pregn-5-en-20-one"
"RAMP_C_000072501",33,0,7,2,16,"3-Ketobutyrate"
"RAMP_C_000111560",50,0,14,2,34,"Fattyacid"
"RAMP_C_000020571",10,0,3,2,5,"5-HIAA"
"RAMP_C_000111585",214,0,13,2,175,"1-Phosphatidyl-D-myo-inositol4,5-bisphosphate"
"RAMP_C_000027108",122,0,12,2,85,"(3b,14b,17a)-Cholest-5-en-3-ol"
"RAMP_C_000024102",17,0,8,2,7,"Carbamicacidmonoanhydridewithphosphorate"
"RAMP_C_000001160",11,1,8,2,0,"1H-Imidazole-4-propanoate"
"RAMP_C_000025219",17,0,15,2,0,"(+)-2-Amino-3-mercaptopropionicacid"
"RAMP_C_000052373",41,0,3,2,31,"(2S)-2-azaniumyl-4-{[(1R)-2-{[(2R)-2-[(4S)-4-azaniumyl-4-carboxylatobutanamido]-2-[(carboxylatomethyl)carbamoyl]ethyl]disulfanyl}-1-[(carboxylatomethyl)carbamoyl]ethyl]carbamoyl}butanoate"
"RAMP_C_000010259",34,0,3,2,18,"12-Deoxycholyltaurine"
"RAMP_C_000064831",8,0,2,2,4,"(S)-2,3-Epoxysqualene"
"RAMP_C_000074192",12,0,4,2,6,"(S)-3-Hydroxydecanoyl-CoA"
"RAMP_C_000011336",12,0,3,2,7,"1-Dehydroascorbate"
"RAMP_C_000059430",8,0,2,2,4,"(S)-2-(5-amino-1-(5-phospho-D-ribosyl)imidazole-4-carboxamido)succinate"
"RAMP_C_000048566",5,0,3,2,0,"6-O-Phosphono-D-gluconicacid"
"RAMP_C_000111690",3,0,1,2,0,"R-S-Glutathione"
"RAMP_C_000028425",60,0,12,2,46,"(-)-(R)-Norepinephrine"
"RAMP_C_000058911",8,0,2,2,4,"(R)-5-phosphomevalonate"
"RAMP_C_000039664",27,0,12,2,13,"2-Ketosuccinate"
"RAMP_C_000066163",3,0,1,2,0,"20alpha-Cortolone"
"RAMP_C_000107382",22,0,3,2,17,"1H-Purine-2,6,8-triol"
"RAMP_C_000093805",25,0,2,2,21,"Deoxyguanosine5'-triphosphate"
"RAMP_C_000101398",27,4,5,2,15,"(+)-ascorbate"
"RAMP_C_000111776",72,0,4,2,46,"Phospholipid"
"RAMP_C_000078024",282,269,4,2,7,"Decanoylcoenzymeamonohydrate"
"RAMP_C_000105290",19,0,17,2,0,"(2S)-2,5-diamino-5-oxopentanoate"
"RAMP_C_000094671",40,0,9,2,29,"(+)-Lactate"
"RAMP_C_000107804",7,0,2,2,3,"3,8,13,17-Tetrakis(carboxymethyl)-5,10,15,20,22,24-hexahydro-2,7,12,18-Porphinetetrapropionate"
"RAMP_C_000087700",7,0,2,2,3,"2'-Deoxyuridine-5'-diphosphate"
"RAMP_C_000033900",9,0,3,2,4,"6-Succino-5'-adenylate"
"RAMP_C_000104992",11,0,9,2,0,"CallidinI"
"RAMP_C_000000877",80,0,6,2,51,"22:6Cholesterolester"
"RAMP_C_000022304",46,0,16,2,23,"17OHE4NP"
"RAMP_C_000001434",4,0,1,2,0,"5-Methoxyindol-3-ylacetate"
"RAMP_C_000080491",61,2,12,2,42,"1-(6-Amino-9H-purin-9-yl)-1-deoxy-beta-D-Ribofuranose"
"RAMP_C_000036451",13,0,5,2,5,"(R)-methylmalonyl-CoA"
"RAMP_C_000104313",21,0,19,2,0,"2-Aminoacetate"
"RAMP_C_000062369",4,0,2,2,0,"1,3-Propanedicarboxylate"
"RAMP_C_000013196",8,0,2,2,4,"Creatinephosphate"
"RAMP_C_000030875",5,0,3,2,0,"1-Acyl-glycerone3-phosphate"
"RAMP_C_000103995",26,0,2,2,22,"2'-Deoxythymidine5'-triphosphate"
"RAMP_C_000049651",7,0,2,2,3,"2-Methylprop-2-enoyl-CoA"
"RAMP_C_000103000",8,0,2,2,4,"(2S)-2-amino-1-hydroxyoctadecan-3-one"
"RAMP_C_000095054",7,0,2,2,3,"2'-Deoxy-Cytidine5'-pyrophosphate"
"RAMP_C_000040513",252,0,6,2,227,"Dioxygen"
"RAMP_C_000059841",94,15,14,2,58,"Ammoniaanhydrous"
"RAMP_C_000111935",28,0,11,2,15,"D-Glyceraldehyde3-phosphate"
"RAMP_C_000065629",298,278,4,2,14,"Dodecanoyl-CoA"
"RAMP_C_000104856",9,0,3,2,4,"((amino(imino)methyl)(methyl)amino)acetate"
"RAMP_C_000004627",13,0,4,2,7,"T2-decenoyl-CoA"
"RAMP_C_000054058",12,0,4,2,6,"(2E)-Hexenoyl-CoA"
"RAMP_C_000055834",13,0,2,2,9,"1-Methylglycocyamidine"
"RAMP_C_000026718",146,0,3,2,132,"1H-Purin-6-amineflavindinucleotide"
"RAMP_C_000084790",68,0,7,2,54,"5'-GMP"
"RAMP_C_000059138",9,0,1,2,6,"TamoxifenCitrate"
"RAMP_C_000092567",9,0,3,2,4,"2-Ureidobutanedioate"
"RAMP_C_000083162",17,0,5,2,10,"(+)-Dehydroisoandrosterone"
"RAMP_C_000099112",3,0,1,2,0,"Guanidinoacetatephosphate"
"RAMP_C_000017211",26,0,10,2,14,"5-Phospho-a-D-ribose-1-diphosphate"
"RAMP_C_000004655",20,0,5,2,13,"1,5,10,14-Tetraazatetradecane"
"RAMP_C_000035585",12,0,6,2,4,"3-O-Phosphoserine"
"RAMP_C_000112465",5,0,3,2,0,"Acetoacetyl-[acp]"
"RAMP_C_000001804",19,0,4,2,13,"C14Sphingomyelin"
"RAMP_C_000043542",64,0,7,2,50,"3-O-Sn-Phosphatidyl-L-serine"
"RAMP_C_000064634",12,0,5,2,5,"Andreson"
"RAMP_C_000055820",12,0,4,2,6,"3-Ketooctanoyl-CoA"
"RAMP_C_000056280",9,0,3,2,4,"5-Hydroxy-L-Tryptophan"
"RAMP_C_000030505",22,0,3,2,17,"3-Methyl-3-butenylpyrophosphate"
"RAMP_C_000003633",14,0,3,2,5,"3-Sulfino-Alanine"
"RAMP_C_000034005",15,0,4,2,9,"5,6-Dihydro-2,4(1H,3H)-pyrimidinedione"
"RAMP_C_000095562",11,0,2,2,7,"(all-E)-2,6,10,15,19,23-hexamethyl-2,6,10,14,18,22-Tetracosahexaene"
"RAMP_C_000026893",7,0,2,2,3,"b-D-Ribopyranose"
"RAMP_C_000029590",10,0,8,2,0,"(-)-(S)-Proline"
"RAMP_C_000067876",14,0,3,2,9,"1,3,4,5-Tetrakis(dihydrogenphosphate)myo-Inositol"
"RAMP_C_000077005",8,0,2,2,4,"5'-P-Ribosyl-N-formylglycineamide"
"RAMP_C_000080757",3,0,1,2,0,"2-Methoxyestradiol"
"RAMP_C_000067020",29,0,10,2,17,"2-Hydroxy-1,2,3-propanetricarboxylate"
"RAMP_C_000068165",16,0,2,2,12,"1,3,7-Trimethyl-2,6-dioxopurine"
"RAMP_C_000006515",39,0,5,2,32,"3'-Phospho-5'-adenylylsulfate"
"RAMP_C_000080752",13,0,3,2,4,"(-)-b-Aminoisobutyrate"
"RAMP_C_000071936",8,0,2,2,4,"(+)-2,6-dioxo-hexahydro-pyrimidine-4-carboxylate"
"RAMP_C_000068004",10,0,3,2,5,"Audes"
"RAMP_C_000071778",56,0,10,2,41,"Endotoxin"
"RAMP_C_000054419",9,0,2,2,5,"Deoxy-TDP"
"RAMP_C_000005853",5,0,3,2,0,"(-)-Morphine"
"RAMP_C_000013461",28,17,6,2,3,"2-Keto-3-Methylbutyrate"
"RAMP_C_000108545",12,0,4,2,6,"3-Ketopalmitoleoyl-CoA"
"RAMP_C_000106340",19,0,8,2,9,"2-Butenoyl-CoA"
"RAMP_C_000090197",12,0,4,2,6,"(S)-3-hydroxyhexadecanoyl-coenzymeA"
"RAMP_C_000033855",13,0,4,2,7,"1-Hydroxyethane"
"RAMP_C_000041058",7,0,2,2,3,"3,8,13,18-Tetrakis(carboxymethyl)-19-(hydroxymethyl)bilane-2,7,12,17-tetrapropanoate"
"RAMP_C_000044297",5,0,3,2,0,"(3-Indolyl)ethylamine"
"RAMP_C_000039448",8,0,2,2,4,"(Dimethylamino)acetate"
"RAMP_C_000044451",8,0,2,2,4,"(R)-Alanine"
"RAMP_C_000005587",80,2,5,2,63,"(protoporphyrinato)iron"
"RAMP_C_000049282",46,3,7,2,28,"(4)-Androsten-3,17-dione"
"RAMP_C_000061668",24,0,3,2,19,"(2E,6E)-Farnesyldiphosphate"
"RAMP_C_000041982",10,0,5,2,3,"2-Keto-4-Methylvalerate"
"RAMP_C_000031016",260,1,4,2,216,"Magnesium"
"RAMP_C_000055618",9,0,2,2,5,"(3beta)-Cholest-7-en-3-ol"
"RAMP_C_000026189",26,0,13,2,11,"3-Acetoacetyl-CoA"
"RAMP_C_000083406",25,0,6,2,17,"1,5,10-Triazadecane"
"RAMP_C_000000197",87,0,7,2,55,"1-Palmitoyl-2-linoleoyl-3-linoleoyl-glycerol"
"RAMP_C_000045813",17,0,4,2,11,"(+)-Estrone"
"RAMP_C_000024292",40,0,15,2,15,"3',5'-CyclicGMP"
"RAMP_C_000026365",9,0,1,2,6,"1-(2-Deoxy-b-D-ribofuranosyl)cytosine"
"RAMP_C_000071901",548,0,9,2,424,"5'-GTP"
"RAMP_C_000106455",8,0,2,2,4,"5-Hydroxy-N-acetyltryptamine"
"RAMP_C_000059007",12,0,7,2,3,"a-Ketoacetate"
"RAMP_C_000034478",10,0,3,2,5,"Glutamate-semialdehyde"
"RAMP_C_000036960",70,52,4,2,12,"(+)-Aldosterone"
"RAMP_C_000089779",87,0,17,2,63,"1,2-Ethanedicarboxylate"
"RAMP_C_000066510",12,0,4,2,6,"(S)-3-Hydroxytetradecanoyl-CoA."
"RAMP_C_000019892",10,0,4,2,4,"5'-P-Ribosyl-5-amino-4-imidazolecarboxamide"
"RAMP_C_000017076",4,0,2,2,0,"(3a,5b,20S)-Pregnane-3,20-diol"
"RAMP_C_000094683",19,0,2,2,15,"1,7-Dihydro-6H-purin-6-one"
"RAMP_C_000073040",17,0,2,2,13,"2-Amino-1,7-dihydro-6H-Purin-6-one"
"RAMP_C_000046542",21,0,15,2,4,"(2E)-But-2-enedioate"
"RAMP_C_000015607",79,10,3,2,63,"5'-UDP"
"RAMP_C_000079863",14,0,2,2,5,"5(S)-HETE"
"RAMP_C_000002386",14,0,12,2,0,"(-)-tryptophan"
"RAMP_C_000006089",11,0,4,2,5,"1,3-Biphosphoglycerate"
"RAMP_C_000015541",8,0,3,2,3,"2-Methylpropanoyl-CoA"
"RAMP_C_000076753",24,0,4,2,15,"5'-IMP"
"RAMP_C_000058980",94,12,12,2,59,"Acetate"
"RAMP_C_000024380",5,0,3,2,0,"Oxalosuccinate"
"RAMP_C_000040448",7,0,2,2,3,"3,3'-(3,7,12,17-Tetramethyl-8,13-divinyl-21H,23H-porphine-2,18-diyl)-bis-propionate"
"RAMP_C_000041790",10,0,4,2,4,"(R)-S-(2-amino-2-carboxyethyl)-L-Homocysteine"
"RAMP_C_000060993",23,0,5,2,16,"Adofeed"
"RAMP_C_000097741",30,0,6,2,22,"(+-)-homocysteine"
"RAMP_C_000085266",13,0,0,2,11,"1-Dehydro-16alpha-methyl-9alpha-fluorohydrocortisone"
"RAMP_C_000083011",7,0,0,2,5,"FK-506"
"RAMP_C_000048353",2,0,0,2,0,"2-Hydroxy-3-(phosphonooxy)-Propanal"
"RAMP_C_000064381",2,0,0,2,0,"delta1-Tetrahydrocannabinol"
"RAMP_C_000012294",2,0,0,2,0,"6alpha-Methylprednisolone"
"RAMP_C_000024281",2,0,0,2,0,"17-Ethinyl-3,17-estradiol"
"RAMP_C_000021375",6,0,0,2,4,"Dihydroxy-oxido-selanylidenephosphorane"
"RAMP_C_000067196",2,0,0,2,0,"2-amino-3-Hydroxypropanoate"
"RAMP_C_000003071",3,0,2,1,0,"(2S,5R)-2,6-diamino-5-hydroxyhexanoate"
"RAMP_C_000082034",3,0,2,1,0,"(2S,4R)-4-hydroxy-2-pyrrolidinecarboxylicacid"
"RAMP_C_000066762",2,0,1,1,0,"4-(2-Amino-3-hydroxyphenyl)-2,4-dioxobutanoate"
"RAMP_C_000054041",12,0,2,1,9,"Acidecarbolique"
"RAMP_C_000044904",4,0,3,1,0,"2-(Acetylamino)-2-deoxyhexose"
"RAMP_C_000062904",3,0,2,1,0,"(-)-Codeine"
"RAMP_C_000104303",3,0,2,1,0,"3,8,13,18-Tetramethyl-2,7,12,17-Porphinetetrapropionate"
"RAMP_C_000018975",9,0,3,1,5,"3-Methoxy-4-hydroxyphenylethylamine"
"RAMP_C_000058487",9,0,4,1,4,"(+)-a-Tocopherol"
"RAMP_C_000073086",2,0,1,1,0,"(RS)-2-Hydroxybutyrate"
"RAMP_C_000026682",7,0,1,1,5,"(+-)-Acetylcarnitine"
"RAMP_C_000034550",13,0,2,1,7,"Tetracosanoyl-CoA"
"RAMP_C_000023780",13,0,1,1,11,"(-)-Asparticacid"
"RAMP_C_000015799",11,0,10,1,0,"(2S,3S)-2-amino-3-methyl-Pentanoate"
"RAMP_C_000047388",5,0,4,1,0,"2,3-Pyridinedicarboxylate"
"RAMP_C_000101005",4,0,3,1,0,"1,5-D-Gluconolactone"
"RAMP_C_000010854",7,0,2,1,4,"1-O-(4-O-b-D-Galactopyranosyl-b-D-glucopyranosyl)-Ceramide"
"RAMP_C_000040947",2,0,1,1,0,"PGA"
"RAMP_C_000092845",2,0,1,1,0,"Pentanoyl-CoA"
"RAMP_C_000013488",8,0,4,1,3,"5-Amino-4-oxo-Pentanoate"
"RAMP_C_000079139",26,0,4,1,21,"3a,7a,12a-Trihydroxy-5b-cholan-24-oylglycine"
"RAMP_C_000107817",16,0,2,1,13,"20alpha,22beta-Dihydroxycholesterol"
"RAMP_C_000015602",3,0,2,1,0,"Morphine-3-glucuronide"
"RAMP_C_000082181",2,0,1,1,0,"(-)-cis-Rotenone"
"RAMP_C_000093913",2,0,1,1,0,"21-Hydroxy-5beta-pregnane-3,11,20-trione"
"RAMP_C_000086128",3,0,2,1,0,"Teobromin"
"RAMP_C_000111101",16,0,8,1,7,"1-Acyl-sn-glycerol3-phosphate"
"RAMP_C_000013317",17,0,1,1,11,"(all-E)-2,3-dimethoxy-5-methyl-6-(3,7,11,15,19,23,27,31-octamethyl-2,6,10,14,18,22,26,30-dotriacontaoctaenyl)-2,5-Cyclohexadiene-1,4-dione"
"RAMP_C_000087714",35,0,8,1,21,"(+)-ProstaglandinF2a"
"RAMP_C_000046856",2,0,1,1,0,"(3-Indolyl)acetonitrile"
"RAMP_C_000035240",7,0,2,1,4,"(-)-Pipecolate"
"RAMP_C_000111109",4,0,3,1,0,"trans-Hexadec-2-enoyl-[acp]"
"RAMP_C_000041159",14,0,3,1,10,"17-Hydroxy-D5-pregnenolone"
"RAMP_C_000005629",20,0,4,1,15,"2,4-Dihydroxypyrimidine"
"RAMP_C_000094487",41,0,8,1,32,"Dioxidanidyl"
"RAMP_C_000075857",5,0,4,1,0,"(1Z)-1-Propene-1,2,3-tricarboxylate"
"RAMP_C_000005267",4,0,3,1,0,"L-gamma-Glutamyl-5-P"
"RAMP_C_000104829",3,0,2,1,0,"(4-Hydroxy-3-methoxyphenyl)glycolate"
"RAMP_C_000064042",46,0,3,1,35,"(9,12,15)-linolenate"
"RAMP_C_000049352",35,0,7,1,24,"(5Z,13E)-(15S)-6,9-alpha-epoxy-11-alpha,15-dihydroxyprosta-5,13-dienoate"
"RAMP_C_000090529",9,0,4,1,4,"2-Acetamido-L-Glutaraldehydate"
"RAMP_C_000111870",3,0,2,1,0,"Bilesalt"
"RAMP_C_000055458",8,0,3,1,4,"(-)-Riboflavin"
"RAMP_C_000015189",28,0,5,1,22,"ThromboxaneA2"
"RAMP_C_000111141",2,0,1,1,0,"R-S-Cysteinylglycine"
"RAMP_C_000093660",5,0,4,1,0,"3-HydroxypropanoylcoenzymeA"
"RAMP_C_000013286",6,0,1,1,4,"(R)-S-lactoylglutathione"
"RAMP_C_000066699",7,0,2,1,3,"5-(Aminomethyl)-4-(carboxymethyl)-Pyrrole-3-propionate"
"RAMP_C_000100558",110,0,2,1,103,"Manganese"
"RAMP_C_000071668",2,0,1,1,0,"2-Keto-6-acetamidocaproate"
"RAMP_C_000100396",16,0,6,1,9,"(+/-)5,6-EpETrE"
"RAMP_C_000015124",4,0,3,1,0,"5-P-beta-D-Ribosyl-amine"
"RAMP_C_000084561",3,1,1,1,0,"(3alpha,5alpha)-3-hydroxy-Androstan-17-one"
"RAMP_C_000002266",11,0,4,1,6,"3-Oxomyristoyl-CoA"
"RAMP_C_000111879",4,0,3,1,0,"Hexanoyl-[acp]"
"RAMP_C_000003291",3,0,2,1,0,"2-Carboxypyridine"
"RAMP_C_000043827",6,0,2,1,3,"1,4-Benzenediol"
"RAMP_C_000034930",9,0,2,1,6,"5b-Cholestane-7a,12a-diol-3-one"
"RAMP_C_000111197",4,0,3,1,0,"(3R)-3-Hydroxydecanoyl-[acyl-carrierprotein]"
"RAMP_C_000039421",31,1,4,1,24,"1-Butanoate"
"RAMP_C_000020625",2,0,1,1,0,"1,2-Dihydroxybenzene"
"RAMP_C_000099505",15,0,4,1,10,"(+)-lactose"
"RAMP_C_000086690",49,0,8,1,30,"(3-Phosphatidyl)-1-D-inositol"
"RAMP_C_000065516",18,0,2,1,15,"2'-dAMP"
"RAMP_C_000069230",2,0,1,1,0,"1-Amino-(8CI,9CI)-2-propanone"
"RAMP_C_000051878",2,0,1,1,0,"1H-Pyrrole-2-carboxylicacid"
"RAMP_C_000004366",9,0,1,1,7,"(6R)-6-(L-erythro-1,2-Dihydroxypropyl)-5,6,7,8-tetrahydro-4a-hydroxypterin"
"RAMP_C_000014157",2,0,1,1,0,"2,6-Dimethylaniline"
"RAMP_C_000069901",4,0,3,1,0,"Dihydrolipoyllysine-residueacetyltransferase]S-acetyldihydrolipoyllysine"
"RAMP_C_000044677",2,0,1,1,0,"3-Oxovalproicacid"
"RAMP_C_000006244",22,0,7,1,14,"(R-(R*,S*-(E,E,Z,Z)))-N-(S-(1-(4-carboxy-1-hydroxybutyl)-2,4,6,9-pentadecatetraenyl)-N-L-gamma-glutamyl-L-cysteinyl)-Glycine"
"RAMP_C_000018146",2,0,1,1,0,"(3R,3'R)-Zeaxanthin"
"RAMP_C_000023325",7,0,2,1,4,"a-GalCer"
"RAMP_C_000013714",6,0,2,1,3,"(E)-2-Methylcrotonoyl-CoA"
"RAMP_C_000041209",17,0,2,1,14,"1-(2-Deoxy-b-D-erythro-pentofuranosyl)-5-methyl-2,4(1H,3H)-pyrimidinedione"
"RAMP_C_000012048",3,0,2,1,0,"(+)-2-Aminobutanoate"
"RAMP_C_000102590",7,0,6,1,0,"beta-D-Fructose1,6-bisphosphate"
"RAMP_C_000013341",20,0,5,1,14,"(R-(R*,S*-(E,E,Z,Z)))-N-(S-(1-(4-carboxy-1-hydroxybutyl)-2,4,6,9-pentadecatetraenyl)-L-cysteinyl)-glycine"
"RAMP_C_000017547",3,0,2,1,0,"(2S,4R)-2-ammonio-4-Hydroxypentanedioate"
"RAMP_C_000001100",14,0,1,1,12,"Ceramidetrihexoside"
"RAMP_C_000029505",7,0,1,1,5,"(5S,6E,8Z,10E,12E,14R,15S)-5,14,15-trihydroxyicosa-6,8,10,12-tetraenoate"
"RAMP_C_000003809",4,0,3,1,0,"2-Propanone"
"RAMP_C_000080317",8,0,3,1,4,"(S)-N-(5-amino-5-carboxypentyl)-L-Glutamicacid"
"RAMP_C_000070239",50,0,3,1,41,"(9Z,12Z)-9,12-Octadecadienoate"
"RAMP_C_000076842",8,0,3,1,4,"1-(5'-Phosphoribosyl)-5-aminoimidazole"
"RAMP_C_000111281",4,0,3,1,0,"trans-Dec-2-enoyl-[acp]"
"RAMP_C_000046430",10,0,9,1,0,"(2S,3R)-(-)-Threonine"
"RAMP_C_000077863",2,0,1,1,0,"5'-Deoxy-5-fluorocytidine"
"RAMP_C_000026533",2,0,1,1,0,"(S)-2-ureidopentanedioicacid"
"RAMP_C_000001990",2,0,1,1,0,"11-Dehydro-Corticosterone"
"RAMP_C_000031739",9,0,8,1,0,"(+)-S-Lysine"
"RAMP_C_000095764",15,0,6,1,8,"D-Fructose1,6-biphosphate"
"RAMP_C_000014322",6,0,5,1,0,"2-Deoxyglycerate"
"RAMP_C_000005531",10,0,2,1,7,"7-alpha-12-alpha-Dihydroxy-3-oxo-5-beta-cholyl-Coa"
"RAMP_C_000106574",8,0,2,1,5,"3'-Dephospho-CoA"
"RAMP_C_000104683",21,0,2,1,18,"5,6-Dimethyl-1-a-D-ribofuranosyl-1H-benzimidazole"
"RAMP_C_000031853",3,0,2,1,0,"(2R)-pyrrolidine-2-carboxylate"
"RAMP_C_000007862",41,0,3,1,26,"(all-E)-3,7-Dimethyl-9-(2,6,6-trimethyl-1-cyclohexen-1-yl)-2,4,6,8-nonatetraen-1-ol"
"RAMP_C_000059286",8,0,2,1,5,"(15S)-15-Hydroxy-5,8,11-cis-13-trans-eicosatetraenoate"
"RAMP_C_000003548",2,0,1,1,0,"Felbamate"
"RAMP_C_000014265",3,0,2,1,0,"16a,17b-Estriol"
"RAMP_C_000022714",13,0,2,1,10,"(5-hydroxy-1H-indol-3-yl)acetaldehyde"
"RAMP_C_000067681",5,1,3,1,0,"1,1-Ethanedicarboxylate"
"RAMP_C_000083448",3,0,2,1,0,"(-)-Ureidoglycolate"
"RAMP_C_000080485",3,0,2,1,0,"(N-C3H7)2CHCOOH"
"RAMP_C_000008955",9,0,4,1,4,"L-Nicotine"
"RAMP_C_000052597",2,0,1,1,0,"1-Methyl-2-(3-indolyl)ethylamine"
"RAMP_C_000084059",2,0,1,1,0,"4-Keto-VPA"
"RAMP_C_000078836",8,0,3,1,4,"N-Acylsphinganine"
"RAMP_C_000097588",2,0,1,1,0,"Dilocaine"
"RAMP_C_000016714",4,0,3,1,0,"(E)-3-phenyl-2-propenoate"
"RAMP_C_000020748",14,0,3,1,5,"2-Keto-4-methylthiobutyrate"
"RAMP_C_000111402",11,0,7,1,3,"Hydroxylradical"
"RAMP_C_000111403",2,0,1,1,0,"S-SubstitutedL-cysteine"
"RAMP_C_000058190",9,0,1,1,6,"2-Methyl-3-oxopropanoate"
"RAMP_C_000064450",2,0,1,1,0,"C16577"
"RAMP_C_000089441",13,0,4,1,8,"(+)-Pantothenate"
"RAMP_C_000004923",2,0,1,1,0,"5-(beta-Carboxyethyl)-4,6-dihydroxypicolinate"
"RAMP_C_000029060",10,0,2,1,7,"(25R)-5-beta-cholestane-3-alpha,7-alpha,12-alpha,26-tetraol"
"RAMP_C_000067515",7,0,2,1,4,"4-Amino-2(1H)-pyrimidinone"
"RAMP_C_000109526",14,0,2,1,11,"(5Z,8Z,11Z,14Z)-2-hydroxy-1-(hydroxymethyl)ethylester5,8,11,14-Eicosatetraenoate"
"RAMP_C_000082894",7,0,2,1,4,"5'-p-Ribosyl-5-formamido-4-imidazolecarboxamide"
"RAMP_C_000009682",61,0,4,1,56,"UDP-N-Acetyl-a-D-glucosamine"
"RAMP_C_000069217",2,0,1,1,0,"2-Hydroxy-1-(3,11,17-trihydroxy-10,13-dimethyl-hexadecahydro-cyclopenta[a]phenanthren-17-yl)-ethanone"
"RAMP_C_000025644",5,0,4,1,0,"3-Hydroxy-2-oxopropanoate"
"RAMP_C_000089941",11,0,2,1,8,"(6aS,7aS,8aR,8bR)-2,3,6a,7a,8a,8b-hexahydro-4-methoxy-Cyclopent[c]oxireno[4',5']furo[3',2':4,5]furo[2,3-h][1]benzopyran-1,10-dione"
"RAMP_C_000059339",7,0,2,1,4,"(indol-3-yl)pyruvicacid"
"RAMP_C_000111451",4,0,3,1,0,"Tetradecanoyl-[acp]"
"RAMP_C_000079579",14,0,2,1,10,"2-Deoxy-alpha-D-ribose1-phosphate"
"RAMP_C_000077532",7,0,2,1,4,"(3beta,5alpha)-4,4-dimethylcholesta-8,24-dien-3-ol"
"RAMP_C_000111467",4,0,3,1,0,"3-Oxohexanoyl-[acp]"
"RAMP_C_000021069",16,0,5,1,10,"Sphing-4-enine"
"RAMP_C_000072886",6,0,2,1,3,"(S)-3-Hydroxyisobutyryl-CoA"
"RAMP_C_000041125",3,0,2,1,0,"(2R)-2-aminopentanedioate"
"RAMP_C_000026816",2,0,1,1,0,"4-Hydroxy-1-pyrroline-2-carboxylate"
"RAMP_C_000011794",52,0,4,1,23,"3,7-Dimethyl-9-(2,6,6-trimethyl-1-cyclohexen-1-yl)-2,4,6,8-Nonatetraenal"
"RAMP_C_000111487",19,0,1,1,15,"L-Arginyl-tRNA(Arg)"
"RAMP_C_000111488",4,0,3,1,0,"(3R)-3-Hydroxypalmitoyl-[acyl-carrierprotein]"
"RAMP_C_000012024",2,0,1,1,0,"4-Hydroxy-2,6-dimethylaniline"
"RAMP_C_000051811",2,0,1,1,0,"4,4'-Dithiobis"
"RAMP_C_000091830",2,0,1,1,0,"2-Propylglutaricacid"
"RAMP_C_000111493",20,0,1,1,15,"L-Alanyl-tRNA"
"RAMP_C_000004761",8,0,1,1,5,"1-O-[O-(N-Acetyl-a-neuraminosyl)-(2)-O-[O-b-D-galactopyranosyl-(1)-2-(acetylamino)-2-deoxy-b-D-galactopyranosyl-(1)]-O-b-D-galactopyranosyl-(1)-b-D-glucopyranosyl]-Ceramide"
"RAMP_C_000014159",21,0,2,1,18,"(-)-Inosine"
"RAMP_C_000018331",31,0,7,1,19,"2-Carboxyethylamine"
"RAMP_C_000037952",7,0,1,1,4,"(1R,2R,3R,4R,5R,6R)-cyclohexane-1,2,3,4,5,6-hexol"
"RAMP_C_000009758",2,0,1,1,0,"alpha-Hydroxytamoxifen"
"RAMP_C_000061679",7,0,3,1,3,"D-Xylitol"
"RAMP_C_000111484",4,0,3,1,0,"(3R)-3-Hydroxybutanoyl-[acyl-carrierprotein]"
"RAMP_C_000111525",10,0,4,1,5,"(S)-1-Pyrroline-5-carboxylate"
"RAMP_C_000009350",9,0,3,1,5,"(R)-4'-phosphopantothenate"
"RAMP_C_000100621",7,0,2,1,4,"Formimino-glu"
"RAMP_C_000057553",13,0,12,1,0,"1-8-AngiotensinI"
"RAMP_C_000111537",19,0,1,1,15,"L-Leucyl-tRNA"
"RAMP_C_000019153",10,0,2,1,7,"(+)-palmitoylcarnitine"
"RAMP_C_000001809",4,0,3,1,0,"(2S)-2-methyl-3-oxopropanoate"
"RAMP_C_000105875",14,0,3,1,10,"17-alpha-Hydroxyprogesterone"
"RAMP_C_000098315",5,0,4,1,0,"(2-acetyloxy-3-octadec-9-enoxypropyl)2-trimethylazaniumylethylphosphate"
"RAMP_C_000036936",2,0,1,1,0,"11beta,21-Dihydroxy-3,20-oxo-5beta-pregnan-18-al"
"RAMP_C_000072436",27,0,6,1,20,"(+)-mannose"
"RAMP_C_000052405",3,0,2,1,0,"CoproporphyrinIII"
"RAMP_C_000008913",13,0,2,1,5,"2-Aminoethylester1-Glycerophosphoricacid"
"RAMP_C_000005460",15,0,4,1,5,"Bisulfite"
"RAMP_C_000054802",4,0,3,1,0,"(GlcNAc)2"
"RAMP_C_000072898",14,0,2,1,4,"2-Aminomuconate6-semialdehyde"
"RAMP_C_000009576",61,0,6,1,43,"1,2-Dipalmitoylglycerophosphorylserine"
"RAMP_C_000087835",3,0,2,1,0,"gamma-Gulonolactone"
"RAMP_C_000082714",5,0,4,1,0,"(2S)-2-acetamido-5-aminopentanoate"
"RAMP_C_000009855",3,0,2,1,0,"5S-Hydroxy-6R-(S-glutamylcysteinyl)-7E,9E,11Z,14Z-eicosatetraenoate"
"RAMP_C_000000618",2,0,1,1,0,"2,3-Dihydroxyestra-1,3,5(10)-trien-17-one"
"RAMP_C_000015835",5,0,1,1,3,"1H-Imidazole-4-acetaldehyde"
"RAMP_C_000111594",3,0,2,1,0,"Branchedchainfattyacid"
"RAMP_C_000106014",10,0,5,1,4,"2-Hexanone"
"RAMP_C_000111600",3,0,2,1,0,"1-Radyl-2-acyl-sn-glycero-3-phosphocholine"
"RAMP_C_000023961",9,0,2,1,6,"Glcnac6P"
"RAMP_C_000053897",19,0,4,1,14,"20-Hydroxy-leukotrieneE4"
"RAMP_C_000112219",2,0,1,1,0,"2-Aminophenol"
"RAMP_C_000064889",2,0,1,1,0,"17alpha,20alpha-Dihydroxycholesterol"
"RAMP_C_000015851",23,0,1,1,18,"Iodide"
"RAMP_C_000111612",3,0,2,1,0,"Fibrin"
"RAMP_C_000097181",8,0,1,1,6,"(benzoylamino)-Acetate"
"RAMP_C_000081645",2,0,1,1,0,"R340"
"RAMP_C_000004213",3,0,2,1,0,"3-Sulfinopyruvate"
"RAMP_C_000070545",3,0,2,1,0,"2,3-Diketo-5-methylthiopentyl-1-phosphate"
"RAMP_C_000092300",17,0,4,1,12,"(5Z)-7-{(1R,4S,5R,6R)-6-[(1E,3S)-3-hydroperoxyoct-1-en-1-yl]-2,3-dioxabicyclo[2.2.1]hept-5-yl}hept-5-enoate"
"RAMP_C_000111618",4,0,3,1,0,"3-Oxohexadecanoyl-[acp]"
"RAMP_C_000111619",4,0,3,1,0,"Cytochromec"
"RAMP_C_000066653",3,0,2,1,0,"(3beta,22R)-Cholest-5-ene-3,22-diol"
"RAMP_C_000111628",20,0,5,1,14,"(R)-Methylmalonyl-CoA"
"RAMP_C_000111630",3,0,2,1,0,"(R)-5,6-Dihydrothymine"
"RAMP_C_000107021",6,0,2,1,3,"(1,4-alpha-D-Glucosyl)N"
"RAMP_C_000094166",12,0,5,1,6,"(5Z,8Z,11Z,13E)-(15S)-15-Hydroperoxyicosa-5,8,11,13-tetraenoate"
"RAMP_C_000071968",2,0,1,1,0,"17,21-Dihydroxy-5-beta-pregnane-3,11,20-trione"
"RAMP_C_000012516",31,0,3,1,27,"(+)-chenodeoxycholate"
"RAMP_C_000031406",2,0,1,1,0,"3-(Thiosulfeno)-Alanine"
"RAMP_C_000072993",2,0,1,1,0,"16alpha-Hydroxyandrost-4-ene-3,17-dione"
"RAMP_C_000032653",2,0,1,1,0,"16alpha-Hydroxy-dehydroepiandrosterone"
"RAMP_C_000111656",3,0,2,1,0,"Somatostatin-14"
"RAMP_C_000109335",39,5,5,1,27,"3'-Phosphoryl-AMP"
"RAMP_C_000028029",3,0,2,1,0,"2-Amino-3-(3-oxoprop-1-en-1-yl)but-2-enedioate"
"RAMP_C_000098616",8,0,3,1,4,"3,5-Diiodotyrocine"
"RAMP_C_000059076",9,0,2,1,6,"Benzenecarboxylate"
"RAMP_C_000021396",3,0,2,1,0,"Allantoate"
"RAMP_C_000060384",2,0,1,1,0,"2-N-Propyl-3-hydroxypentanoicacid"
"RAMP_C_000078809",44,0,4,1,32,"ApolonB6"
"RAMP_C_000005341",4,0,3,1,0,"CoenzymeQ1"
"RAMP_C_000111683",4,0,3,1,0,"Dodecanoyl-[acyl-carrierprotein]"
"RAMP_C_000054670",2,0,1,1,0,"(indol-3-yl)acetamide"
"RAMP_C_000100278",6,0,2,1,3,"3,8,13,18-Tetramethyl-5,10,15,20,22,24-hexahydroporphyrin-2,7,12,17-tetrapropanoate"
"RAMP_C_000030274",15,0,4,1,10,"alpha-D-Mannose-6-P"
"RAMP_C_000072186",14,0,4,1,9,"Capryloyl-CoA"
"RAMP_C_000028494",30,0,7,1,17,"(6z,8e,10e,14z)-(5S,12R)-5,12-dihydroxyicosa-6,8,10,14-tetraenoate"
"RAMP_C_000032770",3,0,2,1,0,"(1H-Indol-3-yl)-acetate"
"RAMP_C_000087190",6,0,2,1,3,"5,6-Dhica"
"RAMP_C_000007453",2,0,1,1,0,"11beta,21-Dihydroxy-5beta-pregnane-3,20-dione"
"RAMP_C_000025753",54,0,4,1,48,"Flanin"
"RAMP_C_000019685",23,0,4,1,18,"Peroxonitrite"
"RAMP_C_000021119",6,0,2,1,3,"3-Methylglutaconyl-CoA"
"RAMP_C_000062278",18,0,2,1,12,"EconazoleNitrate"
"RAMP_C_000044228",3,0,2,1,0,"2-Acetyl-1-octadecyl-sn-glycerol"
"RAMP_C_000110073",6,0,1,1,4,"a-D-Glucose1,6-bis(dihydrogenphosphate)"
"RAMP_C_000019541",29,0,7,1,21,"Acetaldehyde"
"RAMP_C_000111714",3,0,2,1,0,"2-Acetyl-1-alkyl-sn-glycero-3-phosphate"
"RAMP_C_000013655",11,0,6,1,4,"(p-hydroxyphenyl)-Pyruvate"
"RAMP_C_000048393",4,0,3,1,0,"4-Amino-butanal"
"RAMP_C_000030990",51,0,3,1,47,"GDU"
"RAMP_C_000001814",22,0,1,1,20,"5b-Cholanicacid-3a,12a-diol"
"RAMP_C_000039751",2,0,1,1,0,"beta-D-Arabino-hexulose"
"RAMP_C_000059539",5,2,2,1,0,"5-Fluorouracil"
"RAMP_C_000030662",3,0,2,1,0,"2,6-Dihydroxy-7-methylpurine"
"RAMP_C_000076172",11,0,4,1,6,"(S)-3-hydroxydodecanoyl-coenzymeA"
"RAMP_C_000111747",22,0,3,1,15,"L-Glutamyl-tRNA(Glu)"
"RAMP_C_000058337",8,0,2,1,5,"24-Dehydrocholesterol"
"RAMP_C_000096073",2,0,1,1,0,"e-Acetyl-L-lysine"
"RAMP_C_000023390",5,0,1,1,3,"(2S)-2-amino-3-oxobutanoate"
"RAMP_C_000082655",3,0,2,1,0,"Morphine-6-glucuronide"
"RAMP_C_000011405",18,0,2,1,15,"Cob(I)alamin"
"RAMP_C_000089736",9,0,2,1,6,"1-(beta-D-Ribofuranosyl)nicotinamide"
"RAMP_C_000085430",7,0,1,1,5,"(3Z,6Z)-dodecadienoyl-CoA"
"RAMP_C_000103779",8,0,3,1,4,"2-Amino-D-erythro-1,3-Octadecanediol"
"RAMP_C_000051424",7,0,2,1,4,"1-(5'-Phosphoribosyl)-N-formylglycinamidine"
"RAMP_C_000051317",2,0,1,1,0,"1-Methylurate"
"RAMP_C_000061385",3,0,2,1,0,"L-Dopachrome"
"RAMP_C_000011547",3,0,2,1,0,"19-Hydroxy-4-androstene-3,17-dione"
"RAMP_C_000003437",29,0,3,1,19,"17-Hydroxy-androstan-3-one"
"RAMP_C_000061330",21,0,3,1,17,"3-Carboxylpyridine"
"RAMP_C_000107138",7,0,2,1,4,"5'-Phosphoribosyl-glycineamide"
"RAMP_C_000105415",3,0,2,1,0,"4-Keto-Retinoate"
"RAMP_C_000004119",17,0,2,1,14,"2-Amino-1,9-dihydro-9-b-D-ribofuranosyl-6H-purin-6-one"
"RAMP_C_000111797",3,0,2,1,0,"Urea-1-carboxylate"
"RAMP_C_000054083",9,0,2,1,6,"BenzoylCoA"
"RAMP_C_000110456",2,0,1,1,0,"20alpha-Cortol"
"RAMP_C_000068169",21,3,5,1,10,"(+)-Galactose"
"RAMP_C_000077392",6,0,2,1,3,"5,10,15,20,22,24-HexahydroprotoporphyrinIXderiv."
"RAMP_C_000102830",9,0,3,1,5,"(+/-)8,9-Dihetre"
"RAMP_C_000018431",9,0,2,1,6,"5b-Cholestan-7a-ol-3-one"
"RAMP_C_000058365",15,0,4,1,10,"2-Amino-2-deoxy-D-glucose6-phosphate"
"RAMP_C_000085980",6,0,2,1,3,"(2S,3S)-3-hydroxy-2-methylbutanoyl-CoA"
"RAMP_C_000111814",3,0,2,1,0,"2-Acyl-1-alkyl-sn-glycero-3-phosphate"
"RAMP_C_000059647",3,0,2,1,0,"1,2-Dihydroxy-3-keto-5-methylthiopentane"
"RAMP_C_000111824",4,0,3,1,0,"trans-Dodec-2-enoyl-[acp]"
"RAMP_C_000001392",75,27,12,1,30,"(2-hydroxy-3-phosphonooxypropyl)(E)-octadec-9-enoate"
"RAMP_C_000077361",2,0,1,1,0,"2-N-Propyl-5-hydroxypentanoicacid"
"RAMP_C_000061259",2,0,1,1,0,"N,N-Didesmethyltamoxifen"
"RAMP_C_000011062",2,0,1,1,0,"3-Hydroxy-3-methylbutanoyl-CoA"
"RAMP_C_000028508",2,0,1,1,0,"(E)-DL-erythro-b-D-2-amino-3-hydroxy-4-octadecenylGalactopyranoside"
"RAMP_C_000040254",3,0,2,1,0,"D(-)-Ribulose"
"RAMP_C_000105496",17,0,7,1,9,"2-Formylpropionicacidethylester"
"RAMP_C_000053343",29,0,8,1,20,"15-Apo-beta-caroten-15-oate"
"RAMP_C_000111847",20,0,1,1,16,"L-Methionyl-tRNA"
"RAMP_C_000089347",3,0,2,1,0,"(-)-Rapamycin"
"RAMP_C_000076789",9,0,3,1,5,"1,1-Dimethylbiguanide"
"RAMP_C_000086276",10,0,4,1,5,"TXB2"
"RAMP_C_000021470",3,0,1,1,0,"Carbonylnickelpowder"
"RAMP_C_000111860",19,0,1,1,15,"L-Histidyl-tRNA(His)"
"RAMP_C_000064411",2,0,1,1,0,"Propionyladenylate"
"RAMP_C_000045496",11,0,2,1,8,"2-Carboxy-4-hydroxyquinoline"
"RAMP_C_000015490",4,0,3,1,0,"3-Dehydro-L-gulonicacid"
"RAMP_C_000112594",3,0,2,1,0,"L-Aminoacid"
"RAMP_C_000111871",110,0,6,1,80,"1,2-Diacyl-sn-glycerol"
"RAMP_C_000111875",5,0,4,1,0,"Malonyl-[acyl-carrierprotein]"
"RAMP_C_000065432",2,0,1,1,0,"3-(2-(Methylamino)ethyl)-1H-indol-5-ol"
"RAMP_C_000069114",11,0,3,1,6,"(13S,9z,11e)-13-hydroperoxy-9,11-octadecadienoate"
"RAMP_C_000041165",3,0,2,1,0,"(6R,S)-5-Formyltetrahydrofolate"
"RAMP_C_000027521",7,0,6,1,0,"(3,4-dihydroxyphenyl)-Aceticacid"
"RAMP_C_000037473",4,0,3,1,0,"2-Oxo-5-amino-pentanoate"
"RAMP_C_000112138",2,0,1,1,0,"[Dihydrolipoyllysine-residuesuccinyltransferase]S-succinyldihydrolipoyllysine"
"RAMP_C_000035407",10,0,3,1,6,"1,3,4-Itp"
"RAMP_C_000047716",3,0,2,1,0,"Carbamoylsarcosine"
"RAMP_C_000060374",2,0,1,1,0,"Diazyne1-oxide"
"RAMP_C_000055659",55,21,3,1,26,"(6R)-5,6,7,8-Tetrahydro-L-biopterin"
"RAMP_C_000102725",36,8,5,1,17,"alpha-D-Glucopyranuronicacid"
"RAMP_C_000097955",92,0,6,1,72,"2-Hydroxyhexadecanoate"
"RAMP_C_000030170",10,0,3,1,3,"2-Hydroxyacetate"
"RAMP_C_000111906",6,0,5,1,0,"Starch"
"RAMP_C_000093863",40,0,5,1,34,"Sulfate(ion2-)"
"RAMP_C_000037833",10,0,2,1,7,"L-Xylulose"
"RAMP_C_000107484",35,0,2,1,32,"1-Undecanecarboxylate"
"RAMP_C_000051625",14,0,2,1,11,"7alpha-3ox-C"
"RAMP_C_000000409",52,0,8,1,34,"1-Linoleoyl-2-erucoyl-sn-glycero-3-phosphoethanolamine"
"RAMP_C_000060407",2,0,1,1,0,"2-n-Propyl-4-pentenoicacid"
"RAMP_C_000089381",2,0,1,1,0,"1,3,5-Estratriene-3,17a-diol"
"RAMP_C_000044426",3,0,2,1,0,"L(-)-Arabitol"
"RAMP_C_000099720",51,35,2,1,13,"11-Deoxy-17-hydroxy-Corticosterone"
"RAMP_C_000087895",13,0,2,1,10,"7alpha-Hydroxycholesterol"
"RAMP_C_000111939",4,0,3,1,0,"trans-Hex-2-enoyl-[acp]"
"RAMP_C_000049060",8,0,3,1,4,"Pyridoxamine5'-phosphate"
"RAMP_C_000111950",6,0,5,1,0,"EnzymeN6-(lipoyl)lysine"
"RAMP_C_000013668",8,0,2,1,3,"D-Threo-Pentulose"
"RAMP_C_000014753",11,0,2,1,8,"1,7-Dimethyl-Xanthine"
"RAMP_C_000035343",5,0,4,1,0,"1-O-Phosphono-D-glucopyranuronicacid"
"RAMP_C_000051048",189,0,4,1,129,"Fe(III)"
"RAMP_C_000046168",2,0,1,1,0,"2,4-Diene-VPA"
"RAMP_C_000046248",7,0,2,1,4,"(E)-4,6-dioxo-2-Octenedioate"
"RAMP_C_000111955",4,0,3,1,0,"RNA"
"RAMP_C_000044580",2,0,1,1,0,"L-4-Hydroxyglutamatesemialdehyde"
"RAMP_C_000061454",13,0,3,1,9,"(all-E)-1,1'-(3,7,12,16-Tetramethyl-1,3,5,7,9,11,13,15,17-octadecanonaene-1,18-diyl)bis"
"RAMP_C_000071645",5,0,4,1,0,"2-(alpha-Hydroxyethyl)thiaminediphosphate"
"RAMP_C_000111965",22,0,6,1,10,"DNA"
"RAMP_C_000105530",5,0,1,1,3,"4-HydroxyaflatoxinB1"
"RAMP_C_000016658",8,0,3,1,4,"(2E)-3,7-dimethylocta-2,6-dien-1-yltrihydrogendiphosphate"
"RAMP_C_000052443",6,0,2,1,3,"Ammoniumoxalate"
"RAMP_C_000036323",9,0,1,1,7,"Carbonmonoxide"
"RAMP_C_000089498",35,0,7,1,22,"(5Z,13E)-(15S)-9,15-dihydroxy-11-oxoprosta-5,13-dienoate"
"RAMP_C_000111986",6,0,5,1,0,"(S)-3-Methyl-2-oxopentanoicacid"
"RAMP_C_000112000",3,0,2,1,0,"(R)-3-Ureidoisobutyrate"
"RAMP_C_000054451",6,0,5,1,0,"(S)-2-amino-4-hydroxy-Butanoate"
"RAMP_C_000097609",6,0,2,1,3,"(formylmethyl)trimethyl-Ammonium"
"RAMP_C_000069385",15,0,3,1,11,"(4E)2,17-diethenyl-1,10,19,22,23,24-hexahydro-3,7,13,18-tetramethyl-1,19-dioxo--21H-Biline-8,12-dipropanoate"
"RAMP_C_000007098",2,0,1,1,0,"Glycinexylidide"
"RAMP_C_000028119",3,0,2,1,0,"1,2-Didehydropiperidine-2-carboxylate"
"RAMP_C_000050490",15,0,4,1,10,"(-)-Cystine"
"RAMP_C_000074883",7,0,6,1,0,"beta-D-Glucose6-(dihydrogenphosphate)"
"RAMP_C_000049845",9,0,3,1,5,"(+/-)5,6-DiHETrE"
"RAMP_C_000000782",3,0,2,1,0,"(S)-3-Hydroxyisobutyricacid"
"RAMP_C_000091020",3,0,2,1,0,"All-trans-Retinylester"
"RAMP_C_000080618",9,0,2,1,6,"5-(Acetylamino)-3,5-dideoxy-D-glycero-D-galacto-2-Nonulosonicacid9-(dihydrogenphosphate)"
"RAMP_C_000039255",10,0,5,1,4,"2-Hydroxy-3-phenyl-2-propenoicacid,9CI"
"RAMP_C_000044338",13,0,2,1,10,"Co(I)-Cobalamine"
"RAMP_C_000110680",9,0,2,1,6,"3a,7a-Dihydroxy-5b-cholestane"
"RAMP_C_000092961",9,0,2,1,6,"2'-Deoxy-Guanosine"
"RAMP_C_000046624",2,0,1,1,0,"(3a,5b,11b)-3,11,21-trihydroxy-Pregnan-20-one"
"RAMP_C_000001341",2,0,1,1,0,"1-O-(4-O-alpha-D-Galactopyranosyl-beta-D-galactopyranosyl)-Ceramide"
"RAMP_C_000110954",2,0,1,1,0,"5-beta-Dihydrocortisol"
"RAMP_C_000097551",6,0,2,1,3,"2,3-Dihydro-5,6-dihydroxyindole-2-carboxylate"
"RAMP_C_000112052",4,0,3,1,0,"(3R)-3-Hydroxyoctanoyl-[acyl-carrierprotein]"
"RAMP_C_000004665",7,0,2,1,4,"AnhydrousHydrochloricacid"
"RAMP_C_000026109",7,0,3,1,3,"(5-deoxy-5-adenosyl)(3-aminopropyl)methylsulfoniumsalt"
"RAMP_C_000053681",5,0,4,1,0,"(+/-)-2-Aminoadipate"
"RAMP_C_000006796",2,0,1,1,0,"3-Hydroxymonoethylglycinexylidide"
"RAMP_C_000032513",6,0,1,1,4,"9-cis-Retinal"
"RAMP_C_000112067",15,0,2,1,7,"Cardiolipin"
"RAMP_C_000086259",6,0,2,1,3,"2'-Deoxyadenosine-5'-diphosphate"
"RAMP_C_000056123",21,1,6,1,13,"cis-1,2,3,5-trans-4,6-Cyclohexanehexol"
"RAMP_C_000068157",2,0,1,1,0,"Bis-gamma-glutamylcystine"
"RAMP_C_000057660",7,0,2,1,4,"2-Amino-3-hydroxy-Benzoate"
"RAMP_C_000048384",2,0,1,1,0,"3'-Adenosinemonophosphate"
"RAMP_C_000032536",11,0,3,1,7,"1-(Dihydrogenphosphate)Galactitol"
"RAMP_C_000000069",15,6,2,1,6,"3'-O-Sulphogalactosylceramide"
"RAMP_C_000112105",5,0,4,1,0,"Octanoyl-[acp]"
"RAMP_C_000081870",2,0,1,1,0,"Hydroxytamoxifen"
"RAMP_C_000010543",9,0,2,1,6,"(3b,5a)-Cholesta-8,24-dien-3-ol"
"RAMP_C_000099404",3,0,2,1,0,"17beta,19-Dihydroxyandrost-4-en-3-one"
"RAMP_C_000054410",16,0,3,1,12,"25-Hydroxy-cholecalciferol"
"RAMP_C_000071390",18,0,3,1,14,"(23R)-Hydroxychenodeoxycholylglycine"
"RAMP_C_000056937",18,0,2,1,15,"2,4-Dihydroxy-5-methylpyrimidine"
"RAMP_C_000006107",2,0,1,1,0,"(+)-a-Methyl-b-alanine"
"RAMP_C_000067685",5,0,4,1,0,"AcryloylcoenzymeA"
"RAMP_C_000022111",15,0,2,1,12,"2'-Deoxy-5'-GMP"
"RAMP_C_000035797",7,0,2,1,4,"Deamido-NAD+"
"RAMP_C_000012386",7,0,3,1,3,"2-trans,6-trans,10-trans-Geranylgeranyldiphosphate"
"RAMP_C_000036750",8,0,2,1,5,"2-Hexadecanoyl-1-(1Z-hexadecenyl)-sn-glycero-3-phosphoethanolamine"
"RAMP_C_000078736",3,0,2,1,0,"(+)-VitaminD2"
"RAMP_C_000110453",2,0,1,1,0,"3,8,13,17-Tetrakis(carboxymethyl)porphyrin-2,7,12,18-tetrapropanoate"
"RAMP_C_000021591",17,0,2,1,14,"(5'-Deoxy-5'-adenosyl)cobamidecoenzyme"
"RAMP_C_000023667",3,0,2,1,0,"1-Phospho-5-S-methylthioribulose"
"RAMP_C_000061439",12,0,11,1,0,"(2S)-2-Amino-3-methylbutanoate"
"RAMP_C_000111115",38,0,8,1,29,"alpha-D-Glucose6-phosphate"
"RAMP_C_000112153",4,0,3,1,0,"(3R)-3-Hydroxytetradecanoyl-[acyl-carrierprotein]"
"RAMP_C_000048701",2,0,1,1,0,"Hydantoin-5-propionate"
"RAMP_C_000001300",11,0,4,1,6,"(2E)-Tetradecenoyl-CoA"
"RAMP_C_000105703",9,1,3,1,4,"(2S)-2-amino-3-(4-hydroxy-3-iodophenyl)propanoate"
"RAMP_C_000009071",22,0,1,1,14,"11-cis-VitaminAalcohol"
"RAMP_C_000011341",20,0,6,1,13,"1,4-Epoxy-1,3-butadiene"
"RAMP_C_000077892",20,2,3,1,7,"2-[[(2,3-Dihydroxypropoxy)hydroxyphosphinyl]oxy]-N,N,N-trimethyl-Ethanaminiuminnersalt"
"RAMP_C_000018197",31,0,6,1,18,"ProstaglandinH(,3)"
"RAMP_C_000112175",42,0,3,1,35,"Long-chainfattyacid"
"RAMP_C_000071624",13,0,2,1,8,"1,1-Dimethyl-4-phenylpiperaziniumiodide"
"RAMP_C_000025657",5,0,4,1,0,"2-Aminobenzoate"
"RAMP_C_000011871",2,0,1,1,0,"3,3'-Dihydroxy-alpha-carotene"
"RAMP_C_000002761",7,0,3,1,3,"D-Gulonate"
"RAMP_C_000072201",2,0,1,1,0,"5-Fluorouridinemonophosphate"
"RAMP_C_000070914",2,0,1,1,0,"(6E,8E,10E,12E,14E,16E,18E,20E,22E,24E,26E)-2,6,10,14,19,23,27,31-Octamethyl-2,6,8,10,12,14,16,18,20,22,24,26,30-dotriacontatridecaene"
"RAMP_C_000081741",2,0,1,1,0,"9-cisRetinol"
"RAMP_C_000112205",19,0,1,1,15,"L-Tryptophanyl-tRNA(Trp)"
"RAMP_C_000030422",8,0,2,1,5,"FormylcoenzymeA"
"RAMP_C_000112209",2,0,1,1,0,"Angiotensin(1-5)"
"RAMP_C_000112216",4,0,3,1,0,"trans-Oct-2-enoyl-[acp]"
"RAMP_C_000111608",3,0,2,1,0,"1-Alkyl-sn-glycero-3-phosphate"
"RAMP_C_000061274",16,0,6,1,9,"(+/-)8,9-EpETrE"
"RAMP_C_000092354",2,0,1,1,0,"4,8-Dihydroxy-2-quinolinecarboxylate"
"RAMP_C_000058115",7,0,2,1,4,"1-(5'-Phosphoribosyl)-4-carboxy-5-aminoimidazole"
"RAMP_C_000112599",2,0,1,1,0,"Angiotensin(1-9)"
"RAMP_C_000012664",8,0,4,1,3,"2-Amino-3-sulfopropanoate"
"RAMP_C_000034340",2,0,1,1,0,"(3a,5b)-3,17,21-trihydroxy-pregnane-11,20-dione"
"RAMP_C_000064013",13,0,2,1,10,"(S)-Mevalonicacid-5-pyrophosphate"
"RAMP_C_000111762",6,0,5,1,0,"EnzymeN6-(dihydrolipoyl)lysine"
"RAMP_C_000005509",17,0,2,1,14,"1-(b-D-Ribofuranosyl)-2-oxo-4-amino-1,2-dihydro-1,3-diazine"
"RAMP_C_000104672",2,0,1,1,0,"Atropaldehyde"
"RAMP_C_000019560",3,0,2,1,0,"(22E)-Ergosta-5,7,22-trien-3-ol"
"RAMP_C_000001586",3,0,2,1,0,"FlutamideUSP25"
"RAMP_C_000042856",4,0,3,1,0,"(4-Hydroxy-3-methoxyphenyl)acetate"
"RAMP_C_000071988",2,0,1,1,0,"cis-4-Hydroxy-D-proline"
"RAMP_C_000020827",3,0,2,1,0,"1-Methyl-2,4-imidazolidinedione"
"RAMP_C_000112654",2,0,1,1,0,"5,6-Epoxytetraene"
"RAMP_C_000030338",7,0,2,1,4,"5-Formimidoyltetrahydrofolate"
"RAMP_C_000104798",2,0,1,1,0,"(+)-Panthenol"
"RAMP_C_000062865",6,0,1,1,4,"(R)-Pantetheine"
"RAMP_C_000004858",7,0,2,1,4,"2-Amino-3-hydroxyoctadecyldihydrogenphosphate"
"RAMP_C_000047667",2,0,1,1,0,"(+)-alpha-Carotene"
"RAMP_C_000014299",2,0,1,1,0,"8-beta-Prostane"
"RAMP_C_000074387",17,0,8,1,8,"Thaiminepyrophosphate"
"RAMP_C_000006097",2,0,1,1,0,"2,7,12,17-Porphinetetrapropionate"
"RAMP_C_000026829",6,0,2,1,3,"2-Methyl-3-acetoacetyl-CoA"
"RAMP_C_000005819",57,0,2,1,52,"5'-UMP"
"RAMP_C_000112286",4,0,3,1,0,"Acetyl-[acyl-carrierprotein]"
"RAMP_C_000080235",2,0,1,1,0,"IrinotecanHydrochlorideTrihydrate"
"RAMP_C_000081453",7,0,2,1,4,"(S)-3-(5-oxo-4,5-dihydro-3H-imidazol-4-yl)propanoate"
"RAMP_C_000077456",8,0,2,1,5,"(R)-4'-phospho-N-pantothenoyl-L-cysteine"
"RAMP_C_000007508",8,0,2,1,5,"3-Carboxy-1-(5-O-phosphono-b-D-ribofuranosyl)-Pyridiniuminnersalt"
"RAMP_C_000112301",19,0,1,1,15,"L-Tyrosyl-tRNA(Tyr)"
"RAMP_C_000002373",3,0,2,1,0,"alpha,Omega-dicarboxylicacid"
"RAMP_C_000093327",2,0,1,1,0,"(3'R,6'R)-beta,epsilon-Caroten-3'-ol"
"RAMP_C_000045252",2,0,1,1,0,"5b-Cyprinosulfate"
"RAMP_C_000015104",3,0,2,1,0,"(4-Hydroxy-3-methoxyphenyl)acetaldehyde"
"RAMP_C_000103658",6,0,1,1,4,"Selenite(SeO32-)"
"RAMP_C_000089640",11,0,1,1,5,"(+-)-Selenomethionine"
"RAMP_C_000112320",5,0,4,1,0,"Hexadecanoyl-[acp]"
"RAMP_C_000012948",40,0,4,1,35,"a-D-Glucopyranuronicacid1->5'-esterwithuridine5'-(trihydrogenpyrophosphate)"
"RAMP_C_000112329",8,0,2,1,5,"Plasmenylcholine"
"RAMP_C_000037043",13,0,2,1,6,"Dihydrogenmonoselenide"
"RAMP_C_000053759",2,0,1,1,0,"2-(3-Carboxy-1-hydroxypropyl)thiaminediphosphate"
"RAMP_C_000112339",4,0,3,1,0,"3-Oxodecanoyl-[acp]"
"RAMP_C_000112340",4,0,3,1,0,"Decanoyl-[acp]"
"RAMP_C_000068840",8,0,2,1,5,"7-Epi-Paclitaxel"
"RAMP_C_000016708",2,0,1,1,0,"PenicillinG"
"RAMP_C_000055971",15,0,3,1,11,"Adenosine5'-phosphosulfate"
"RAMP_C_000100183",11,0,1,1,9,"13,14-Dihydro-all-trans-retinol"
"RAMP_C_000103915",22,0,6,1,15,"2-Methylacetyl-CoA"
"RAMP_C_000112358",2,0,1,1,0,"Lipoprotein"
"RAMP_C_000107234",2,0,1,1,0,"5-Fluorodeoxyuridinemonophosphate"
"RAMP_C_000028558",5,0,1,1,3,"(+/-)-2-hydroxy-4-oxopentanedioate"
"RAMP_C_000017917",2,0,1,1,0,"SN38glucuronide"
"RAMP_C_000033354",2,0,1,1,0,"(-)-Lactate"
"RAMP_C_000103394",2,0,1,1,0,"(-)-Normorphine"
"RAMP_C_000065570",2,0,1,1,0,"3a-Etiocholanolone"
"RAMP_C_000012735",16,0,4,1,6,"(6E,8Z,11Z,14Z)-(5S)-5-hydroperoxyeicosa-6,8,11,14-tetraenoate"
"RAMP_C_000017795",21,0,7,1,13,"(-)-Thyroxine"
"RAMP_C_000006353",3,0,2,1,0,"16alpha-Hydroxyestrone"
"RAMP_C_000022031",6,0,2,1,3,"3-Hydroxy-L-1-pyrroline-5-carboxylate"
"RAMP_C_000082937",59,0,3,1,50,"3-Carbamoylpyridine"
"RAMP_C_000040312",4,0,3,1,0,"3-(Methylsulfanyl)propanoate"
"RAMP_C_000047993",7,0,6,1,0,"O-Acetyl-L-serine"
"RAMP_C_000100215",13,5,1,1,6,"1-(2-Deoxy-beta-D-erythro-pentofuranosyl)-2,4(1H,3H)-Pyrimidinedione"
"RAMP_C_000093992",10,0,4,1,5,"1-Azaindene"
"RAMP_C_000053067",13,0,5,1,7,"1-alpha-D-Glucopyranosyl-4-alpha-D-glucopyranose"
"RAMP_C_000096779",2,0,1,1,0,"5-Hydroxy-N-formylkynurenine"
"RAMP_C_000057434",3,0,2,1,0,"D-(+)-Saccharicacid"
"RAMP_C_000015383",2,0,1,1,0,"SN-38"
"RAMP_C_000112366",19,0,1,1,15,"L-Isoleucyl-tRNA(Ile)"
"RAMP_C_000073951",11,0,2,1,8,"4'-Phosphopantetheine"
"RAMP_C_000037775",4,0,3,1,0,"2,3,4,5,6-Pentahydroxy-hexanoate"
"RAMP_C_000011326",3,0,2,1,0,"UDP-N-Acetyl-D-galactosamine"
"RAMP_C_000097197",31,0,2,1,28,"Methaldehyde"
"RAMP_C_000004357",45,0,8,1,36,"3,7-Dimethyl-9-(2,6,6-trimethyl-1-cyclohexenyl)-(2E,4Z,6E,8Z)-nonatetraen-1-oate"
"RAMP_C_000112416",4,0,3,1,0,"(R)-3-Hydroxydodecanoyl-[acp]"
"RAMP_C_000052857",9,0,4,1,4,"(-)-Sorbitol"
"RAMP_C_000032288",2,0,1,1,0,"5-L-Glutamylalanine"
"RAMP_C_000103982",3,0,2,1,0,"3-Mercapto-pyruvate"
"RAMP_C_000034874",2,0,1,1,0,"3alpha,11beta,21-Trihydroxy-20-oxo-5beta-pregnan-18-al"
"RAMP_C_000085499",12,0,2,1,5,"(2R)-2-amino-3-selanylpropanoate"
"RAMP_C_000112449",4,0,3,1,0,"3-Oxooctanoyl-[acp]"
"RAMP_C_000072799",2,0,1,1,0,"1H-Indole-3-ethanol"
"RAMP_C_000025080",3,0,2,1,0,"3,4-Dihydroxy-Benzeneacetaldehyde"
"RAMP_C_000058788",6,0,2,1,3,"3-Methylbut-2-enoyl-CoA"
"RAMP_C_000057259",7,0,6,1,0,"Acidofair"
"RAMP_C_000079427",7,0,2,1,4,"5-Acetylamino-6-formylamino-3-methyluracil"
"RAMP_C_000112462",4,0,3,1,0,"(R)-3-Hydroxyhexanoyl-[acp]"
"RAMP_C_000088025",14,0,4,1,9,"(+/-)14,15-EpETrE"
"RAMP_C_000094431",18,0,3,1,14,"(7E,9E,11Z,13E)-(5S,6R,15S)-5,6,15-Trihydroxyicosa-7,9,11,13-tetraenoate"
"RAMP_C_000000891",12,3,2,1,6,"Dihydrogen"
"RAMP_C_000027593",18,0,1,1,16,"3,3',5'-Triiodo-L-thyronine"
"RAMP_C_000081974",11,0,4,1,6,"3-Ketodecanoyl-CoA"
"RAMP_C_000024931",7,0,2,1,4,"3-(1H-Imidazol-4-yl)-2-propenoate"
"RAMP_C_000095425",14,0,2,1,11,"7-a,12-a-Dihydroxy-4-cholesten-3-one"
"RAMP_C_000003796",7,0,2,1,4,"1-O-b-D-Glucopyranosyl-Ceramide"
"RAMP_C_000012193",9,0,2,1,6,"(24R,25R)-3-alpha,7-alpha,12-alpha,24-tetrahydroxy-5-beta-cholestanoyl-CoA"
"RAMP_C_000086428",11,0,1,1,9,"(-)-2-Pyrrolidone-5-carboxylate"
"RAMP_C_000030400",9,0,3,1,5,"(+/-)14,15-DiHETrE"
"RAMP_C_000017997",7,0,3,1,3,"1-(Dihydrogenphosphate)DL-myo-Inositol"
"RAMP_C_000001075",2,0,1,1,0,"(5a)-Androstane-3,17-dione"
"RAMP_C_000025957",6,0,2,1,3,"2'-Deoxy-GDP"
"RAMP_C_000066129",2,0,1,1,0,"UppppU"
"RAMP_C_000052962",9,0,3,1,5,"(+/-)-11,12-dihydroxy-5Z,8Z,14Z,17Z-eicosatetraenoate"
"RAMP_C_000112521",3,0,2,1,0,"1-Alkyl-2-acylglycerophosphoethanolamine"
"RAMP_C_000024483",4,0,3,1,0,"GDP-alpha-D-Glucose"
"RAMP_C_000071328",3,0,2,1,0,"1-Phospho-5-S-methylthioribose"
"RAMP_C_000049429",21,0,4,1,12,"(+)-vitaminD3"
"RAMP_C_000066354",105,24,17,1,58,"Bertholite"
"RAMP_C_000077752",9,0,2,1,6,"ManNAc-6-P"
"RAMP_C_000102302",20,0,2,1,16,"1-(6-Amino-9H-purin-9-yl)-1-deoxy-5-S-methyl-5-thio-beta-D-Ribofuranose"
"RAMP_C_000044766",17,0,3,1,13,"5,8,11,14-Eicosatetraenoylethanolamide"
"RAMP_C_000019177",2,0,1,1,0,"4,6-Quinolinediol"
"RAMP_C_000027726",2,0,1,1,0,"7-Methyluricacid"
"RAMP_C_000010173",3,0,2,1,0,"1-Pyrroline-2-carboxylate"
"RAMP_C_000112553",19,0,1,1,15,"L-Phenylalanyl-tRNA(Phe)"
"RAMP_C_000094497",6,0,2,1,3,"3-Methylbutanoyl-CoA"
"RAMP_C_000103989",3,0,2,1,0,"2-Keto-6-amino-caproate"
"RAMP_C_000031902",2,0,1,1,0,"2-N-Propyl-4-hydroxypentanoicacid"
"RAMP_C_000014339",7,0,2,1,4,"4-Maleylacetoacetate"
"RAMP_C_000069436",25,0,9,1,15,"(2-amino-3-Hydroxy-octadec-4-enoxy)phosphonate"
"RAMP_C_000112581",2,0,1,1,0,"N-Acetylisatin"
"RAMP_C_000112577",2,0,1,1,0,"1-Alkyl-sn-glycerol"
"RAMP_C_000078969",6,0,2,1,3,"(+)-2-amino-2-deoxy-D-glucopyranose"
"RAMP_C_000009489",3,0,2,1,0,"(4R,5S)-4,5,6-Trihydroxy-2,3-dioxohexanoate"
"RAMP_C_000052850",10,0,3,1,6,"AFB1"
"RAMP_C_000068702",3,0,2,1,0,"D-2-Aminoglutaramate"
"RAMP_C_000100937",295,80,17,1,171,"5'-Adenosinemonophosphate"
"RAMP_C_000009610",13,0,2,1,10,"1-(6-Amino-9H-purin-9-yl)-1,2-dideoxy-b-D-Ribofuranose"
"RAMP_C_000001511",8,0,3,1,4,"1,2-Propanedione"
"RAMP_C_000104001",5,0,1,1,3,"3,4',5-Trihydroxystilbene"
"RAMP_C_000074002",11,0,6,1,4,"(R)-glycerate"
"RAMP_C_000066271",9,0,2,1,6,"(9-D-ribosylxanthine)-5'-phosphate"
"RAMP_C_000081706",10,0,1,1,6,"1-Methyl-1H-imidazole-4-ethanamine"
"RAMP_C_000094757",2,0,1,1,0,"3alpha,21-Dihydroxy-5beta-pregnane-11,20-dione"
"RAMP_C_000011647",41,0,1,1,32,"(5Z,8Z,11Z,14Z,17Z)-Eicosapentaenoate"
"RAMP_C_000101132",4,0,3,1,0,"3,9-Dihydro-9-b-D-ribofuranosyl-1H-purine-2,6-dione"
"RAMP_C_000035053",10,0,3,1,6,"(5S,6S,7E,9E,11Z,14Z)-5,6-Epoxyicosa-7,9,11,14-tetraenoate"
"RAMP_C_000079292",3,0,2,1,0,"(+)-alpha-Lipoicacid"
"RAMP_C_000112633",20,0,1,1,15,"L-Valyl-tRNA(Val)"
"RAMP_C_000068907",20,0,1,1,16,"4,7,10,13,16,19-Docosahexaenoate"
"RAMP_C_000112638",4,0,3,1,0,"3-Oxotetradecanoyl-[acp]"
"RAMP_C_000080193",13,1,11,1,0,"(2S)-2-Amino-4-methylpentanoate"
"RAMP_C_000006437",6,0,2,1,3,"3,8,13,18-Tetrakis(carboxymethyl)-5,10,15,20,22,24-hexahydro-(8CI)-2,7,12,17-Porphinetetrapropionate"
"RAMP_C_000038927",11,0,4,1,6,"(2E)-Hexadecenoyl-CoA"
"RAMP_C_000008259",3,0,2,1,0,"D-Glucurone"
"RAMP_C_000044042",3,0,2,1,0,"3-(Aminocarbonyl)-1-(5-O-phosphono-b-D-ribofuranosyl)-Pyridiniumhydroxideinnersalt"
"RAMP_C_000059928",2,0,1,1,0,"Melanin"
"RAMP_C_000030785",41,0,10,1,30,"Bicarbonate"
"RAMP_C_000013780",3,0,2,1,0,"(b(a)P)"
"RAMP_C_000031866",17,0,2,1,14,"(3beta)-3-(sulfooxy)-Androst-5-en-17-one"
"RAMP_C_000044953",2,0,1,1,0,"(3b)-3,21-dihydroxy-Pregn-5-en-20-one"
"RAMP_C_000008334",6,0,2,1,3,"Aminochrome"
"RAMP_C_000072819",3,0,2,1,0,"(17b)-Estra-1,3,5(10)-triene-2,3,17-triol"
"RAMP_C_000018673",17,0,3,1,13,"11b,18,21-Trihydroxy-pregn-4-ene-3,20-dione"
"RAMP_C_000056813",2,0,1,1,0,"2-Methoxyestrone-3-glucuronide"
"RAMP_C_000000083",39,0,2,1,36,"1-Palmitoyl-2-erucoyl-sn-glycero-3-phosphocholine"
"RAMP_C_000009712",6,0,1,1,4,"Cardoxin"
"RAMP_C_000002046",7,0,6,1,0,"D-Erythrose4-phosphate"
"RAMP_C_000000395",8,0,3,1,4,"b-Alanyl-L-histidine"
"RAMP_C_000112670",2,0,1,1,0,"S-SubstitutedN-acetyl-L-cysteine"
"RAMP_C_000021493",2,0,1,1,0,"(5b)-Androstane-3,17-dione"
"RAMP_C_000041356",17,0,2,1,14,"1-b-D-Ribofuranosyl-2,4(1H,3H)-pyrimidinedione"
"RAMP_C_000023378",2,0,1,1,0,"3,7-Dimethyl-2,6,8-trihydroxypurine"
"RAMP_C_000039211",2,1,0,1,0,"ImatinibMethansulfonate"
"RAMP_C_000084525",8,1,0,1,6,"CimetidineHcl"
"RAMP_C_000112672",1,0,0,1,0,NA
"RAMP_C_000112673",1,0,0,1,0,NA
"RAMP_C_000112674",1,0,0,1,0,NA
"RAMP_C_000081375",1,0,0,1,0,"Mycophenylatemofetil"
"RAMP_C_000027492",1,0,0,1,0,"4,4'-Diketo-b-carotene"
"RAMP_C_000014228",1,0,0,1,0,"Hittorf'Sphosphorus"
"RAMP_C_000112675",1,0,0,1,0,NA
"RAMP_C_000112676",1,0,0,1,0,NA
"RAMP_C_000112677",1,0,0,1,0,NA
"RAMP_C_000112678",1,0,0,1,0,NA
"RAMP_C_000005170",6,0,0,1,5,"1,3-Propanedial"
"RAMP_C_000019599",1,0,0,1,0,"1-Isothiocyanato-6-(methylsulfinyl)hexane,9CI"
"RAMP_C_000112679",1,0,0,1,0,NA
"RAMP_C_000112680",4,0,0,1,3,NA
"RAMP_C_000112681",11,0,0,1,10,NA
"RAMP_C_000112682",1,0,0,1,0,NA
"RAMP_C_000112683",1,0,0,1,0,NA
"RAMP_C_000112684",1,0,0,1,0,NA
"RAMP_C_000112685",1,0,0,1,0,NA
"RAMP_C_000110462",1,0,0,1,0,"NE-58095"
"RAMP_C_000112686",1,0,0,1,0,NA
"RAMP_C_000112687",1,0,0,1,0,NA
"RAMP_C_000112688",1,0,0,1,0,NA
"RAMP_C_000112689",1,0,0,1,0,NA
"RAMP_C_000112690",1,0,0,1,0,NA
"RAMP_C_000112691",1,0,0,1,0,NA
"RAMP_C_000112692",1,0,0,1,0,NA
"RAMP_C_000076648",4,0,0,1,3,"1-Amino-1-deoxy-D-fructose"
"RAMP_C_000093584",1,0,0,1,0,"2-(3,4-Dihydroxyphenyl)ethanol"
"RAMP_C_000015568",1,0,0,1,0,"6,8-Bis-sulfanyloctanoate"
"RAMP_C_000091813",1,0,0,1,0,NA
"RAMP_C_000112693",1,0,0,1,0,NA
"RAMP_C_000112694",1,0,0,1,0,NA
"RAMP_C_000060311",5,0,0,1,4,"(S)-1-alpha-D-glucopyranuronosyl-3-(1-methyl-2-pyrrolidinyl)-Pyridiniuminnersalt"
"RAMP_C_000112695",1,0,0,1,0,NA
"RAMP_C_000112696",1,0,0,1,0,NA
"RAMP_C_000069377",1,0,0,1,0,"(2-Indol-3-ylethyl)dimethylamine"
"RAMP_C_000051332",6,0,0,1,5,"(5Z)-(13E)-11-alpha-hydroxy-9,15-dioxoprosta-5,13-dienoate"
"RAMP_C_000112697",1,0,0,1,0,NA
"RAMP_C_000112698",1,0,0,1,0,NA
"RAMP_C_000112699",1,0,0,1,0,NA
"RAMP_C_000112700",1,0,0,1,0,NA
"RAMP_C_000112701",1,0,0,1,0,NA
"RAMP_C_000112702",1,0,0,1,0,NA
"RAMP_C_000010852",1,0,0,1,0,NA
"RAMP_C_000112703",1,0,0,1,0,NA
"RAMP_C_000112704",1,0,0,1,0,NA
"RAMP_C_000112705",1,0,0,1,0,NA
"RAMP_C_000112706",1,0,0,1,0,NA
"RAMP_C_000112707",1,0,0,1,0,NA
"RAMP_C_000028426",1,0,0,1,0,"(a-D-Mannosyl)7-b-D-mannosyl-diacetylchitobiosyl-L-asparagine,isoforma(protein)"
"RAMP_C_000091619",1,0,0,1,0,NA
"RAMP_C_000032892",1,0,0,1,0,"Adrianol"
"RAMP_C_000112708",1,0,0,1,0,NA
"RAMP_C_000017381",1,0,0,1,0,"1-Myristoyl-2-myristoleoyl-sn-glycerol"
"RAMP_C_000112709",1,0,0,1,0,NA
"RAMP_C_000112710",1,0,0,1,0,NA
"RAMP_C_000112711",1,0,0,1,0,NA
"RAMP_C_000112712",1,0,0,1,0,NA
"RAMP_C_000011129",1,0,0,1,0,"5-(beta-D-Galactopyranosyloxy)-L-Lysine"
"RAMP_C_000112713",1,0,0,1,0,NA
"RAMP_C_000112714",1,0,0,1,0,NA
"RAMP_C_000000193",1,0,0,1,0,"D-(+)-Xylose"
"RAMP_C_000112715",1,0,0,1,0,NA
"RAMP_C_000112716",1,0,0,1,0,NA
"RAMP_C_000112717",1,0,0,1,0,NA
"RAMP_C_000047091",1,0,0,1,0,"1-Isothiocyanato-4-(methylsulfinyl)-Butane"
"RAMP_C_000112718",1,0,0,1,0,NA
"RAMP_C_000112719",1,0,0,1,0,NA
"RAMP_C_000112720",1,0,0,1,0,NA
"RAMP_C_000112721",1,0,0,1,0,NA
"RAMP_C_000112722",1,0,0,1,0,NA
"RAMP_C_000112723",1,0,0,1,0,NA
"RAMP_C_000112724",1,0,0,1,0,NA
"RAMP_C_000112725",1,0,0,1,0,NA
"RAMP_C_000112726",1,0,0,1,0,NA
"RAMP_C_000112727",1,0,0,1,0,NA
"RAMP_C_000112728",1,0,0,1,0,NA
"RAMP_C_000112729",1,0,0,1,0,NA
"RAMP_C_000035028",1,0,0,1,0,"Oxygen,mol(O3)"
"RAMP_C_000036404",1,0,0,1,0,"PTI-555"
"RAMP_C_000112730",1,0,0,1,0,NA
"RAMP_C_000112731",1,0,0,1,0,NA
"RAMP_C_000112732",1,0,0,1,0,NA
"RAMP_C_000112733",1,0,0,1,0,NA
"RAMP_C_000007074",4,0,0,1,3,"(S)-2-methylbutyryl-CoA"
"RAMP_C_000112734",1,0,0,1,0,NA
"RAMP_C_000112735",1,0,0,1,0,NA
"RAMP_C_000016216",4,0,0,1,0,"GalNAc-beta1->4(NeuAc-alpha2->8NeuAc2->3)Gal-beta1->4Glc-beta1->1'Cer"
"RAMP_C_000112736",1,0,0,1,0,NA
"RAMP_C_000112737",1,0,0,1,0,NA
"RAMP_C_000112738",1,0,0,1,0,NA
"RAMP_C_000112739",1,0,0,1,0,NA
"RAMP_C_000098199",1,0,0,1,0,"Ecteinascidin"
"RAMP_C_000000255",1,0,0,1,0,"3b,7b-Dihydroxy-5b-cholan-24-oate"
"RAMP_C_000112740",10,0,0,1,9,NA
"RAMP_C_000112741",1,0,0,1,0,NA
"RAMP_C_000003665",1,0,0,1,0,"1-b-D-Glucopyranuronosyl-3-(1-methyl-5-oxo-2-pyrrolidinyl)-Pyridinium"
"RAMP_C_000112742",1,0,0,1,0,NA
"RAMP_C_000112743",1,0,0,1,0,NA
"RAMP_C_000112744",18,0,0,1,12,NA
"RAMP_C_000112746",1,0,0,1,0,NA
"RAMP_C_000112747",1,0,0,1,0,NA
"RAMP_C_000112748",1,0,0,1,0,NA
"RAMP_C_000112749",1,0,0,1,0,NA
"RAMP_C_000112750",1,0,0,1,0,NA
"RAMP_C_000112751",1,0,0,1,0,NA
"RAMP_C_000112752",1,0,0,1,0,NA
"RAMP_C_000112753",1,0,0,1,0,NA
"RAMP_C_000112754",1,0,0,1,0,NA
"RAMP_C_000112755",1,0,0,1,0,NA
"RAMP_C_000112756",1,0,0,1,0,NA
"RAMP_C_000042247",1,0,0,1,0,NA
"RAMP_C_000071264",1,0,0,1,0,NA
"RAMP_C_000112757",1,0,0,1,0,NA
"RAMP_C_000112758",1,0,0,1,0,NA
"RAMP_C_000112759",1,0,0,1,0,NA
"RAMP_C_000112760",1,0,0,1,0,NA
"RAMP_C_000112761",1,0,0,1,0,NA
"RAMP_C_000084172",1,0,0,1,0,NA
"RAMP_C_000072097",1,0,0,1,0,"Dehydrocortisone"
"RAMP_C_000026084",1,0,0,1,0,"2-Benzoquinone"
"RAMP_C_000112762",1,0,0,1,0,NA
"RAMP_C_000098810",4,0,0,1,3,NA
"RAMP_C_000112763",1,0,0,1,0,NA
"RAMP_C_000112764",1,0,0,1,0,NA
"RAMP_C_000112765",1,0,0,1,0,NA
"RAMP_C_000112766",1,0,0,1,0,NA
"RAMP_C_000112767",1,0,0,1,0,NA
"RAMP_C_000112768",1,0,0,1,0,NA
"RAMP_C_000112769",1,0,0,1,0,NA
"RAMP_C_000075665",1,0,0,1,0,"acetanil"
"RAMP_C_000112770",1,0,0,1,0,NA
"RAMP_C_000112771",1,0,0,1,0,NA
"RAMP_C_000110783",1,0,0,1,0,"4-(b-D-Glucosido)-D-glucose"
"RAMP_C_000112772",1,0,0,1,0,NA
"RAMP_C_000050730",1,0,0,1,0,"CYSSG"
"RAMP_C_000025815",3,0,0,1,0,"CQH"
"RAMP_C_000112773",1,0,0,1,0,NA
"RAMP_C_000112774",1,0,0,1,0,NA
"RAMP_C_000112775",1,0,0,1,0,NA
"RAMP_C_000112776",1,0,0,1,0,NA
"RAMP_C_000112777",1,0,0,1,0,NA
"RAMP_C_000112778",1,0,0,1,0,NA
"RAMP_C_000112779",1,0,0,1,0,NA
"RAMP_C_000112780",1,0,0,1,0,NA
"RAMP_C_000015886",4,0,0,1,3,"Amylopectine"
"RAMP_C_000112781",1,0,0,1,0,NA
"RAMP_C_000086130",1,0,0,1,0,"beta-Glycerophosphorate"
"RAMP_C_000112782",1,0,0,1,0,NA
"RAMP_C_000112783",1,0,0,1,0,NA
"RAMP_C_000112784",1,0,0,1,0,NA
"RAMP_C_000025905",6,0,0,1,5,"12-Hydroxydodecanoate"
"RAMP_C_000112785",1,0,0,1,0,NA
"RAMP_C_000112786",1,0,0,1,0,NA
"RAMP_C_000112787",1,0,0,1,0,NA
"RAMP_C_000112788",1,0,0,1,0,NA
"RAMP_C_000112789",1,0,0,1,0,NA
"RAMP_C_000112790",1,0,0,1,0,NA
"RAMP_C_000112791",1,0,0,1,0,NA
"RAMP_C_000112792",1,0,0,1,0,NA
"RAMP_C_000112793",1,0,0,1,0,NA
"RAMP_C_000080025",1,0,0,1,0,"(2S)-2-amino-6-oxohexanoate"
"RAMP_C_000112794",1,0,0,1,0,NA
"RAMP_C_000112795",1,0,0,1,0,NA
"RAMP_C_000112796",1,0,0,1,0,NA
"RAMP_C_000112797",1,0,0,1,0,NA
"RAMP_C_000112798",1,0,0,1,0,NA
"RAMP_C_000100821",7,0,0,1,6,"D-Glucosamine1-phosphate"
"RAMP_C_000112799",1,0,0,1,0,NA
"RAMP_C_000112800",1,0,0,1,0,NA
"RAMP_C_000112801",1,0,0,1,0,NA
"RAMP_C_000112802",1,0,0,1,0,NA
"RAMP_C_000112803",1,0,0,1,0,NA
"RAMP_C_000112804",1,0,0,1,0,NA
"RAMP_C_000018393",1,0,0,1,0,"(6AR-trans)-isomerOF11-nor-delta(9)-tetrahydrocannabinol-9-carboxylicacid"
"RAMP_C_000112805",1,0,0,1,0,NA
"RAMP_C_000109797",1,0,0,1,0,"(S)-allantoin"
"RAMP_C_000017500",1,0,0,1,0,"AsialoGM2"
"RAMP_C_000112806",11,0,0,1,7,NA
"RAMP_C_000050695",1,0,0,1,0,NA
"RAMP_C_000081761",1,0,0,1,0,"Chlorineoxide(ClO1-)"
"RAMP_C_000112807",5,0,0,1,4,NA
"RAMP_C_000102744",1,0,0,1,0,"LY-139481"
"RAMP_C_000112808",1,0,0,1,0,NA
"RAMP_C_000112809",1,0,0,1,0,NA
"RAMP_C_000003940",1,0,0,1,0,"Arabinose"
"RAMP_C_000102375",1,0,0,1,0,NA
"RAMP_C_000112810",1,0,0,1,0,NA
"RAMP_C_000112811",1,0,0,1,0,NA
"RAMP_C_000112812",1,0,0,1,0,NA
"RAMP_C_000112813",1,0,0,1,0,NA
"RAMP_C_000112814",1,0,0,1,0,NA
"RAMP_C_000003964",1,0,0,1,0,"(1'S,2'S)-Nicotine-N'-oxide"
"RAMP_C_000112815",1,0,0,1,0,NA
"RAMP_C_000112816",1,0,0,1,0,NA
"RAMP_C_000015118",1,0,0,1,0,"(S)-1-(methylene-11C)-2-(3-pyridinyl)-pyrrolidium"
"RAMP_C_000054268",1,0,0,1,0,"Glutaconyl-1-CoA"
"RAMP_C_000112817",1,0,0,1,0,NA
"RAMP_C_000112818",1,0,0,1,0,NA
"RAMP_C_000112819",1,0,0,1,0,NA
"RAMP_C_000078196",1,0,0,1,0,"1,6-Didehydropiperidine-2-carboxylate"
"RAMP_C_000109752",1,0,0,1,0,"(R)-5-Diphosphomevalonicacid"
"RAMP_C_000019780",6,0,0,1,5,"3-Methyl-3H-Purin-6-amine"
"RAMP_C_000112820",8,0,0,1,7,NA
"RAMP_C_000078391",6,0,0,1,5,"Docosa-4,7,10,13,16-pentaenoicacid"
"RAMP_C_000112821",1,0,0,1,0,NA
"RAMP_C_000112822",4,0,0,1,3,NA
"RAMP_C_000112823",1,0,0,1,0,NA
"RAMP_C_000097628",1,0,0,1,0,"3'-Hydroxycotnine-glucuronide"
"RAMP_C_000112824",1,0,0,1,0,NA
"RAMP_C_000112825",1,0,0,1,0,NA
"RAMP_C_000112826",1,0,0,1,0,NA
"RAMP_C_000112827",1,0,0,1,0,NA
"RAMP_C_000112828",1,0,0,1,0,NA
"RAMP_C_000112829",1,0,0,1,0,NA
"RAMP_C_000073221",1,0,0,1,0,"10-Formyl-7,8-dihydrofolate"
"RAMP_C_000024492",6,0,0,1,5,"(E)-S-3-decenoate"
"RAMP_C_000112830",1,0,0,1,0,NA
"RAMP_C_000112831",1,0,0,1,0,NA
"RAMP_C_000080194",1,0,0,1,0,NA
"RAMP_C_000112832",1,0,0,1,0,NA
"RAMP_C_000112833",1,0,0,1,0,NA
"RAMP_C_000112834",1,0,0,1,0,NA
"RAMP_C_000112835",1,0,0,1,0,NA
"RAMP_C_000112836",1,0,0,1,0,NA
"RAMP_C_000112837",1,0,0,1,0,NA
"RAMP_C_000112838",1,0,0,1,0,NA
"RAMP_C_000112839",1,0,0,1,0,NA
"RAMP_C_000062955",6,0,0,1,5,"(2-trans,4-cis)-Deca-2,4-dienoyl-coenzymeA"
"RAMP_C_000112840",1,0,0,1,0,NA
"RAMP_C_000112841",1,0,0,1,0,NA
"RAMP_C_000004071",1,0,0,1,0,"Apo-Glibenclamide"
"RAMP_C_000029914",1,0,0,1,0,"3-Nitrotyrosine"
"RAMP_C_000081915",1,0,0,1,0,"7,8-Dihydro-8-oxo-2'-deoxyguanosine"
"RAMP_C_000112842",1,0,0,1,0,NA
"RAMP_C_000112843",5,0,0,1,4,NA
"RAMP_C_000042102",12,0,0,1,11,"(2S)-4-hydroxypyrrolidine-2-carboxylicacid"
"RAMP_C_000017867",1,0,0,1,0,"Hydridooxygenate(1-)"
"RAMP_C_000112844",1,0,0,1,0,NA
"RAMP_C_000112845",1,0,0,1,0,NA
"RAMP_C_000112846",1,0,0,1,0,NA
"RAMP_C_000112847",29,0,0,1,27,NA
"RAMP_C_000112848",1,0,0,1,0,NA
"RAMP_C_000112849",1,0,0,1,0,NA
"RAMP_C_000112850",1,0,0,1,0,NA
"RAMP_C_000087171",1,0,0,1,0,"(-)-prostaglandinE3"
"RAMP_C_000112851",1,0,0,1,0,NA
"RAMP_C_000112852",1,0,0,1,0,NA
"RAMP_C_000112853",1,0,0,1,0,NA
"RAMP_C_000112854",1,0,0,1,0,NA
"RAMP_C_000112855",1,0,0,1,0,NA
"RAMP_C_000112856",1,0,0,1,0,NA
"RAMP_C_000112857",1,0,0,1,0,NA
"RAMP_C_000112858",6,0,0,1,5,NA
"RAMP_C_000112859",1,0,0,1,0,NA
"RAMP_C_000061999",1,0,0,1,0,"(S)-1-pyrroline-5-carboxylate"
"RAMP_C_000112860",1,0,0,1,0,NA
"RAMP_C_000108242",1,0,0,1,0,NA
"RAMP_C_000112861",1,0,0,1,0,NA
"RAMP_C_000068104",1,0,0,1,0,"(S)-3,4-Dihydroxy-butyricacid"
"RAMP_C_000112862",1,0,0,1,0,NA
"RAMP_C_000065600",1,0,0,1,0,"(3beta,6Z)-9,10-Secocholesta-5(10),6,8-trien-3-ol"
"RAMP_C_000112863",1,0,0,1,0,NA
"RAMP_C_000045658",1,0,0,1,0,NA
"RAMP_C_000112864",1,0,0,1,0,NA
"RAMP_C_000112865",1,0,0,1,0,NA
"RAMP_C_000112866",1,0,0,1,0,NA
"RAMP_C_000112867",1,0,0,1,0,NA
"RAMP_C_000112868",1,0,0,1,0,NA
"RAMP_C_000112869",1,0,0,1,0,NA
"RAMP_C_000112870",1,0,0,1,0,NA
"RAMP_C_000112871",1,0,0,1,0,NA
"RAMP_C_000000405",1,0,0,1,0,"AsialogangliosideGM1a"
"RAMP_C_000112872",1,0,0,1,0,NA
"RAMP_C_000004524",1,0,0,1,0,"Androfluorene"
"RAMP_C_000112873",1,0,0,1,0,NA
"RAMP_C_000112874",1,0,0,1,0,NA
"RAMP_C_000112875",1,0,0,1,0,NA
"RAMP_C_000112876",1,0,0,1,0,NA
"RAMP_C_000112877",1,0,0,1,0,NA
"RAMP_C_000112878",1,0,0,1,0,NA
"RAMP_C_000112879",1,0,0,1,0,NA
"RAMP_C_000112880",1,0,0,1,0,NA
"RAMP_C_000112881",1,0,0,1,0,NA
"RAMP_C_000112882",1,0,0,1,0,NA
"RAMP_C_000112883",1,0,0,1,0,NA
"RAMP_C_000112884",1,0,0,1,0,NA
"RAMP_C_000112885",1,0,0,1,0,NA
"RAMP_C_000112886",1,0,0,1,0,NA
"RAMP_C_000033622",1,0,0,1,0,"2,3-Dihydro-5,6-dihydroxyindole"
"RAMP_C_000112887",1,0,0,1,0,NA
"RAMP_C_000112888",1,0,0,1,0,NA
"RAMP_C_000112889",1,0,0,1,0,NA
"RAMP_C_000070493",1,0,0,1,0,NA
"RAMP_C_000112890",1,0,0,1,0,NA
"RAMP_C_000006739",1,0,0,1,0,NA
"RAMP_C_000112891",4,0,0,1,3,NA
"RAMP_C_000089945",1,0,0,1,0,"5-Hydroxycotinine"
"RAMP_C_000112892",1,0,0,1,0,NA
"RAMP_C_000009690",1,0,0,1,0,"D-Fructose1-phosphate"
"RAMP_C_000059715",1,0,0,1,0,"2-Amino-4-(methylsulfinyl)-Butanoate"
"RAMP_C_000112893",1,0,0,1,0,NA
"RAMP_C_000112894",10,0,0,1,9,NA
"RAMP_C_000112895",4,0,0,1,3,NA
"RAMP_C_000112896",1,0,0,1,0,NA
"RAMP_C_000112897",1,0,0,1,0,NA
"RAMP_C_000112898",1,0,0,1,0,NA
"RAMP_C_000112899",1,0,0,1,0,NA
"RAMP_C_000112900",1,0,0,1,0,NA
"RAMP_C_000112901",1,0,0,1,0,NA
"RAMP_C_000112902",1,0,0,1,0,NA
"RAMP_C_000112903",1,0,0,1,0,NA
"RAMP_C_000112904",1,0,0,1,0,NA
"RAMP_C_000112905",1,0,0,1,0,NA
"RAMP_C_000112906",11,0,0,1,10,NA
"RAMP_C_000112907",1,0,0,1,0,NA
"RAMP_C_000087491",15,0,0,1,14,"Algobaz"
"RAMP_C_000112908",1,0,0,1,0,NA
"RAMP_C_000112909",1,0,0,1,0,NA
"RAMP_C_000112910",1,0,0,1,0,NA
"RAMP_C_000112911",1,0,0,1,0,NA
"RAMP_C_000112912",1,0,0,1,0,NA
"RAMP_C_000112913",1,0,0,1,0,NA
"RAMP_C_000107850",1,0,0,1,0,"Fluoxetina[INN-Spanish]"
"RAMP_C_000112914",1,0,0,1,0,NA
"RAMP_C_000091803",1,0,0,1,0,NA
"RAMP_C_000112915",1,0,0,1,0,NA
"RAMP_C_000059589",1,0,0,1,0,"4-(2-HYDROXYETHYL)-1-piperazineethanesulfonate"
"RAMP_C_000112916",11,0,0,1,7,NA
"RAMP_C_000094959",1,0,0,1,0,NA
"RAMP_C_000112917",1,0,0,1,0,NA
"RAMP_C_000112918",1,0,0,1,0,NA
"RAMP_C_000112919",1,0,0,1,0,NA
"RAMP_C_000112920",1,0,0,1,0,NA
"RAMP_C_000112921",1,0,0,1,0,NA
"RAMP_C_000112922",1,0,0,1,0,NA
"RAMP_C_000112923",1,0,0,1,0,NA
"RAMP_C_000112924",1,0,0,1,0,NA
"RAMP_C_000112925",5,0,0,1,4,NA
"RAMP_C_000112926",1,0,0,1,0,NA
"RAMP_C_000112927",1,0,0,1,0,NA
"RAMP_C_000091694",1,0,0,1,0,"Burkitt'slymphomaantigen,bla-CD77"
"RAMP_C_000016922",1,0,0,1,0,"1,4-Benzoquine"
"RAMP_C_000112928",1,0,0,1,0,NA
"RAMP_C_000094194",1,0,0,1,0,"(2S,5R,6R)-6-[[(2R)-2-amino-2-phenylacetyl]amino]-3,3-dimethyl-7-oxo-4-thia-1-azabicyclo[3.2.0]heptane-2-carboxylicacid"
"RAMP_C_000006130",1,0,0,1,0,"Achedos"
"RAMP_C_000112929",1,0,0,1,0,NA
"RAMP_C_000002941",1,0,0,1,0,"(3R)-3-Methyl-2-oxopentanoate"
"RAMP_C_000078781",1,0,0,1,0,NA
"RAMP_C_000112930",3,0,0,1,2,NA
"RAMP_C_000112931",1,0,0,1,0,NA
"RAMP_C_000091584",1,0,0,1,0,"4-Methoxy-7H-Furo(3,2-g)(1)benzopyran-7-one"
"RAMP_C_000112932",1,0,0,1,0,NA
"RAMP_C_000112933",1,0,0,1,0,NA
"RAMP_C_000112934",1,0,0,1,0,NA
"RAMP_C_000112935",1,0,0,1,0,NA
"RAMP_C_000112936",1,0,0,1,0,NA
"RAMP_C_000112937",10,0,0,1,9,NA
"RAMP_C_000004370",6,0,0,1,5,"FMM"
"RAMP_C_000112938",1,0,0,1,0,NA
"RAMP_C_000099828",1,0,0,1,0,"Selanediide"
"RAMP_C_000112939",1,0,0,1,0,NA
"RAMP_C_000112940",1,0,0,1,0,NA
"RAMP_C_000112941",32,0,0,1,26,NA
"RAMP_C_000110360",1,0,0,1,0,NA
"RAMP_C_000112942",1,0,0,1,0,NA
"RAMP_C_000112943",9,0,0,1,8,NA
"RAMP_C_000112944",5,0,0,1,4,NA
"RAMP_C_000112945",1,0,0,1,0,NA
"RAMP_C_000112946",1,0,0,1,0,NA
"RAMP_C_000084381",1,0,0,1,0,NA
"RAMP_C_000007446",1,0,0,1,0,NA
"RAMP_C_000075418",5,0,0,1,4,"CoQ(,10)H(,2)"
"RAMP_C_000112947",1,0,0,1,0,NA
"RAMP_C_000112948",1,0,0,1,0,NA
"RAMP_C_000112949",1,0,0,1,0,NA
"RAMP_C_000112950",1,0,0,1,0,NA
"RAMP_C_000112951",1,0,0,1,0,NA
"RAMP_C_000026492",1,0,0,1,0,NA
"RAMP_C_000112952",1,0,0,1,0,NA
"RAMP_C_000065157",1,0,0,1,0,"HEXAMETHYLENEBISACETAMIDE"
"RAMP_C_000112953",1,0,0,1,0,NA
"RAMP_C_000112954",1,0,0,1,0,NA
"RAMP_C_000056751",7,0,0,1,6,"(6)Annulene"
"RAMP_C_000112955",1,0,0,1,0,NA
"RAMP_C_000112956",1,0,0,1,0,NA
"RAMP_C_000112957",6,0,0,1,5,NA
"RAMP_C_000112958",1,0,0,1,0,NA
"RAMP_C_000112959",1,0,0,1,0,NA
"RAMP_C_000112960",1,0,0,1,0,NA
"RAMP_C_000112961",1,0,0,1,0,NA
"RAMP_C_000092666",1,0,0,1,0,"Aricept"
"RAMP_C_000112962",1,0,0,1,0,NA
"RAMP_C_000087704",1,0,0,1,0,"2-(Acetylamino)-2-deoxy-4-O-beta-D-galactopyranosyl-D-Glucose"
"RAMP_C_000112963",1,0,0,1,0,NA
"RAMP_C_000112964",1,0,0,1,0,NA
"RAMP_C_000112965",1,0,0,1,0,NA
"RAMP_C_000112966",1,0,0,1,0,NA
"RAMP_C_000112967",1,0,0,1,0,NA
"RAMP_C_000112968",1,0,0,1,0,NA
"RAMP_C_000112969",1,0,0,1,0,NA
"RAMP_C_000112970",1,0,0,1,0,NA
"RAMP_C_000112971",1,0,0,1,0,NA
"RAMP_C_000068665",1,0,0,1,0,"2-(2-Hydroxyethylamino)-6-benzylamino-9-isopropylpurine"
"RAMP_C_000112972",6,0,0,1,5,NA
"RAMP_C_000112973",1,0,0,1,0,NA
"RAMP_C_000112974",1,0,0,1,0,NA
"RAMP_C_000103667",1,0,0,1,0,"Letrozol"
"RAMP_C_000061807",1,0,0,1,0,"(+/-)11(12)-EET"
"RAMP_C_000017374",1,0,0,1,0,"GalNAc-beta1->4(Neu5Ac-alpha2->3)Gal-beta1->4Glc-beta1->1'Cer"
"RAMP_C_000112975",1,0,0,1,0,NA
"RAMP_C_000070643",1,0,0,1,0,"Fenofibrato[INN-Spanish]"
"RAMP_C_000112976",1,0,0,1,0,NA
"RAMP_C_000068487",1,0,0,1,0,"3alpha-Hydroxy-5beta-pregnane-20-one"
"RAMP_C_000112977",1,0,0,1,0,NA
"RAMP_C_000112978",1,0,0,1,0,NA
"RAMP_C_000112979",1,0,0,1,0,NA
"RAMP_C_000112980",1,0,0,1,0,NA
"RAMP_C_000112981",1,0,0,1,0,NA
"RAMP_C_000112982",1,0,0,1,0,NA
"RAMP_C_000112983",1,0,0,1,0,NA
"RAMP_C_000112984",1,0,0,1,0,NA
"RAMP_C_000009779",1,0,0,1,0,"(3S,3'S)-all-trans-Astaxanthin"
"RAMP_C_000112985",1,0,0,1,0,NA
"RAMP_C_000112986",1,0,0,1,0,NA
"RAMP_C_000058391",1,0,0,1,0,"4-(2-Aminoethyl)-1,2-benzoquinone"
"RAMP_C_000112987",1,0,0,1,0,NA
"RAMP_C_000079124",1,0,0,1,0,"(-)-Cotinine"
"RAMP_C_000060191",1,0,0,1,0,NA
"RAMP_C_000112989",1,0,0,1,0,NA
"RAMP_C_000112990",1,0,0,1,0,NA
"RAMP_C_000112991",1,0,0,1,0,NA
"RAMP_C_000112992",1,0,0,1,0,NA
"RAMP_C_000112993",1,0,0,1,0,NA
"RAMP_C_000112994",4,0,0,1,3,NA
"RAMP_C_000062815",1,0,0,1,0,"Clarithromycine"
"RAMP_C_000112995",1,0,0,1,0,NA
"RAMP_C_000087244",1,0,0,1,0,"1-Capryloylglycerone3-phosphate"
"RAMP_C_000112996",1,0,0,1,0,NA
"RAMP_C_000033148",5,0,0,1,4,NA
"RAMP_C_000112997",1,0,0,1,0,NA
"RAMP_C_000110087",1,0,0,1,0,"(O-(2,6-Dichloro-3-hydroxyanilino)phenyl)aceticacid"
"RAMP_C_000112998",1,0,0,1,0,NA
"RAMP_C_000112999",1,0,0,1,0,NA
"RAMP_C_000113000",1,0,0,1,0,NA
"RAMP_C_000113001",1,0,0,1,0,NA
"RAMP_C_000113002",1,0,0,1,0,NA
"RAMP_C_000018538",1,0,0,1,0,"1,2-Dimyristoyl-rac-glycerol"
"RAMP_C_000113003",1,0,0,1,0,NA
"RAMP_C_000113004",1,0,0,1,0,NA
"RAMP_C_000113005",1,0,0,1,0,NA
"RAMP_C_000024878",1,0,0,1,0,"(O-(2,6-Dichloro-4-hydroxyanilino)phenyl)aceticacid"
"RAMP_C_000027121",1,0,0,1,0,"(3R-trans)-3-hydroxy-1-methyl-5-(3-pyridinyl)-2-Pyrrolidinone"
"RAMP_C_000113006",1,0,0,1,0,NA
"RAMP_C_000113007",1,0,0,1,0,NA
"RAMP_C_000113008",1,0,0,1,0,NA
"RAMP_C_000113009",1,0,0,1,0,NA
"RAMP_C_000113010",1,0,0,1,0,NA
"RAMP_C_000113011",8,0,0,1,7,NA
"RAMP_C_000000669",1,0,0,1,0,"Anastrozol"
"RAMP_C_000036443",1,0,0,1,0,"CarbamohydroxamicAcid"
"RAMP_C_000013452",1,0,0,1,0,"alpha-N-Acetylneuraminyl-2,8-alpha-N-acetylneuraminyl-2,3-beta-D-galactosyl-1,4-beta-glucosyl-1,1'-ceramide"
"RAMP_C_000113012",1,0,0,1,0,NA
"RAMP_C_000113013",1,0,0,1,0,NA
"RAMP_C_000113014",1,0,0,1,0,NA
"RAMP_C_000113015",1,0,0,1,0,NA
"RAMP_C_000113016",1,0,0,1,0,NA
"RAMP_C_000113017",1,0,0,1,0,NA
"RAMP_C_000113018",1,0,0,1,0,NA
"RAMP_C_000113019",1,0,0,1,0,NA
"RAMP_C_000113020",1,0,0,1,0,NA
"RAMP_C_000113021",1,0,0,1,0,NA
"RAMP_C_000113022",1,0,0,1,0,NA
"RAMP_C_000113023",6,0,0,1,5,NA
"RAMP_C_000113024",1,0,0,1,0,NA
"RAMP_C_000077513",5,0,0,1,4,"5,6-Dihydro-5-methyluracil"
"RAMP_C_000091421",1,0,0,1,0,"DiclofenacAcid"
"RAMP_C_000113025",1,0,0,1,0,NA
"RAMP_C_000113026",1,0,0,1,0,NA
"RAMP_C_000113027",1,0,0,1,0,NA
"RAMP_C_000113028",11,0,0,1,10,NA
"RAMP_C_000113029",1,0,0,1,0,NA
"RAMP_C_000112988",1,0,0,1,0,NA
"RAMP_C_000113030",1,0,0,1,0,NA
"RAMP_C_000062076",1,0,0,1,0,"(3b,5Z,7E)-9,10-Secocholesta-5,7,10(19)-triene-3,24,25-triol"
"RAMP_C_000103736",5,0,0,1,4,"3-Carbamoylamino-2-methylpropanoate"
"RAMP_C_000028328",1,0,0,1,0,NA
"RAMP_C_000113031",1,0,0,1,0,NA
"RAMP_C_000113032",1,0,0,1,0,NA
"RAMP_C_000113033",1,0,0,1,0,NA
"RAMP_C_000113034",1,0,0,1,0,NA
"RAMP_C_000072024",1,0,0,1,0,NA
"RAMP_C_000008332",1,0,0,1,0,NA
"RAMP_C_000000838",1,0,0,1,0,"(N-Acetylneuraminyl)-D-galactosyl-D-glucosylceramide"
"RAMP_C_000113035",1,0,0,1,0,NA
"RAMP_C_000113036",1,0,0,1,0,NA
"RAMP_C_000113037",1,0,0,1,0,NA
"RAMP_C_000096782",1,0,0,1,0,"(+-)-1'-demethyl-Nicotine"
"RAMP_C_000113038",1,0,0,1,0,NA
"RAMP_C_000113039",1,0,0,1,0,NA
"RAMP_C_000019061",1,0,0,1,0,"EM"
"RAMP_C_000102077",1,0,0,1,0,NA
"RAMP_C_000066314",1,0,0,1,0,"5-Amino-4-imidazolecarboxamideriboside"
"RAMP_C_000081078",1,0,0,1,0,"1,7-Bis(4-hydroxy-3-methoxyphenyl)-1,6-heptadiene-3,5-dione"
"RAMP_C_000113040",1,0,0,1,0,NA
"RAMP_C_000113041",1,0,0,1,0,NA
"RAMP_C_000056007",7,0,0,1,6,"1H-Indol-5-ol,{3-[2-(dimethylamino)ethyl]-}"
"RAMP_C_000034290",1,0,0,1,0,"(R)-4-(2-acetamido-2-carboxyethylthio)-2-oxobutanoate"
"RAMP_C_000113042",1,0,0,1,0,NA
"RAMP_C_000113043",1,0,0,1,0,NA
"RAMP_C_000113044",1,0,0,1,0,NA
"RAMP_C_000113045",1,0,0,1,0,NA
"RAMP_C_000113046",1,0,0,1,0,NA
"RAMP_C_000113047",1,0,0,1,0,NA
"RAMP_C_000113048",1,0,0,1,0,NA
"RAMP_C_000113049",1,0,0,1,0,NA
"RAMP_C_000002815",3,0,0,1,2,"N-Me-D-Asp-OH"
"RAMP_C_000113050",1,0,0,1,0,NA
"RAMP_C_000113051",1,0,0,1,0,NA
"RAMP_C_000113052",1,0,0,1,0,NA
"RAMP_C_000113053",1,0,0,1,0,NA
"RAMP_C_000113054",1,0,0,1,0,NA
"RAMP_C_000039557",1,0,0,1,0,NA
"RAMP_C_000113055",1,0,0,1,0,NA
"RAMP_C_000113056",15,0,0,1,14,NA
"RAMP_C_000113057",1,0,0,1,0,NA
"RAMP_C_000113058",1,0,0,1,0,NA
"RAMP_C_000113059",1,0,0,1,0,NA
"RAMP_C_000113060",1,0,0,1,0,NA
"RAMP_C_000113061",1,0,0,1,0,NA
"RAMP_C_000113062",1,0,0,1,0,NA
"RAMP_C_000113063",1,0,0,1,0,NA
"RAMP_C_000039608",1,0,0,1,0,NA
"RAMP_C_000070641",1,0,0,1,0,"(3b,17b)-Androst-4-ene-3,17-diol"
"RAMP_C_000113064",1,0,0,1,0,NA
"RAMP_C_000113065",1,0,0,1,0,NA
"RAMP_C_000113066",1,0,0,1,0,NA
"RAMP_C_000113067",1,0,0,1,0,NA
"RAMP_C_000069160",1,0,0,1,0,"(+/-)-2,3-dihydroxy-Propanal"
"RAMP_C_000096976",1,0,0,1,0,NA
"RAMP_C_000113068",15,0,0,1,14,NA
"RAMP_C_000113069",1,0,0,1,0,NA
"RAMP_C_000113070",1,0,0,1,0,NA
"RAMP_C_000091662",1,0,0,1,0,NA
"RAMP_C_000113071",1,0,0,1,0,NA
"RAMP_C_000113072",1,0,0,1,0,NA
"RAMP_C_000113073",1,0,0,1,0,NA
"RAMP_C_000008530",8,0,0,1,7,"(R)-2-hydroxy-Pentanedioate"
"RAMP_C_000091203",1,0,0,1,0,"2-Hydroxybutanedioate"
"RAMP_C_000105142",1,0,0,1,0,"(5S)-1-methyl-5-(1-oxido-3-pyridinyl)-2-pyrrolidinone"
"RAMP_C_000113074",1,0,0,1,0,NA
"RAMP_C_000113075",1,0,0,1,0,NA
"RAMP_C_000022301",1,0,0,1,0,NA
"RAMP_C_000113076",1,0,0,1,0,NA
